"Ancienneté_an","Service","Work_accident","Tranche Satisfaction","Tranche Ancienneté","Tranche Distance","Contrat","Durée hebdo","Salaire base mensuel","%variable_moyen","Augmentation","Promotion","Salaire Total","Salaire 35h","Tranche Salaire","Tranche Salaire 35h","Temps de travail hebdomadaire","Sexe","Congé maternité A-1","Enfants","Tranche Age"
"89af5c31dccb0b9eedfd6694d7570df6c31fb116","Marketing","d1ec7861e871937316d89ba07a2742fa06453b6a","26 - 50","16 - 20","45 - 59","CDI",35,"bcda31c79d8ceac2cb65f32dd7324e00b2cdc920",27,0,0,10099.26,10099.26,"Plus de 10000","Plus de 10000","temps plein","H","e22e85626a7262ff79070e69b5438a746b033af6","e22e85626a7262ff79070e69b5438a746b033af6","40 - 50"
"ad4045b7c788fcf16658df82720fc6b38a3320eb","Compta Finances","5c5c74f753f8c56222ae8c9b21d153c4dee98681","76 - 100","11 - 15","15 - 29","CDI",35,"8ab90be3131dccffb1edf60946fd41693d8ef181",34,0,0,10078.12,10078.12,"Plus de 10000","Plus de 10000","temps plein","H","ed0ff9a7f68d4694d66c4260db5178c219bfae8a","ed0ff9a7f68d4694d66c4260db5178c219bfae8a","40 - 50"
"6818054dd06e58a7a02e444e2731f3c1808fc43e","Marketing","6ef3265b2e9cfa724edae8225c0a21085830efdf","26 - 50","plus de 20 ans","0 - 14","CDI",35,"54fc2cdb07fe1d3c5f19f7788cb260ffb17d5369",24,0,0,10039.64,10039.64,"Plus de 10000","Plus de 10000","temps plein","H","c772e00f055fb6163b5057a75bdeaeb8fe53f14b","c772e00f055fb6163b5057a75bdeaeb8fe53f14b","40 - 50"
"35f411c7d8a8d44e8d85c22d1dcc08c4a0de014d","RH","81a1472c0dea490172dbf3ccf2fc1b6886ad0d2e","51 - 75","6 - 10","15 - 29","CDI",35,"3ac357ce2edcaa0b68f4d623d8c821a8aefbc1c1",27,1,1,10027.55,10027.55,"Plus de 10000","Plus de 10000","temps plein","H","120ca066e01b71a795b36d3ac4e83aaf6ccee8df","76747fd4ef5209f356a497b590f1abf724022de0","30 - 40"
"e508f99b5ef9c34c74646f6fa630d139adc14a8b","Consultant","784b49b38be897167a4e3cddbab57258b07a56ed","51 - 75","plus de 20 ans","+60","CDI",35,"fed46301c6eeeed2767ae976963fd2ab0469b317",13,0,0,9972.87,9972.87,"8000 - 10000","8000 - 10000","temps plein","F","1d54761087f5a62822088c2ec0431e72a67b5787","8e7148f920f077d7a6748e8f8bdc37936b56694c","40 - 50"
"9f853e47d0d40b37cd234ac45f8912413314211a","Commercial","8476d454ac29f2cea82180658d765c6e9e4a5eb6","26 - 50","16 - 20","45 - 59","CDI",35,"aa48bd9b63cec2272169728cf162f0ba06a1856f",28,0,0,9884.14,9884.14,"8000 - 10000","8000 - 10000","temps plein","H","1bef604b19a6f9b83f39944cea496d254aa2d491","62c2bdf1bc0f01f325ca4d5260706585a177a7ef","30 - 40"
"35a8f146a29f68383dfda2383d72d1fc022ed3f8","Consultant","d70c20db0942f0b702f92dbc45a012724d9bf317","51 - 75","6 - 10","15 - 29","CDI",35,"761fe9df0bf568ba33fd7d9c0e40004adf3c3aa0",38,0,0,9880.2,9880.2,"8000 - 10000","8000 - 10000","temps plein","F","6f8ae1b7e352eebc79d18304e85742afbdc279fb","6f8ae1b7e352eebc79d18304e85742afbdc279fb","40 - 50"
"63f1710c9ccfba1ad780b984498bd10c2efb60f3","Commercial","131910d28daa165b873bdfa6b62df9b2c857da42","0 - 25","6 - 10","45 - 59","CDI",35,"ae0a715404abda80ddb5ba34e27993d9cfe36d6d",4,1,0,9875.82,9875.82,"8000 - 10000","8000 - 10000","temps plein","F","67544ac9c5c966ff7353e50b44e7fb80095b3379","67544ac9c5c966ff7353e50b44e7fb80095b3379","40 - 50"
"d3fd465ad36dfd1bdf5c471ebb37c7a9a9852bb1","Consultant","a2de0fba57a49a3f673ddc28c86c47e8fd405475","51 - 75","6 - 10","+60","CDI",35,"747f96b50a03877f7834eca94ab2e37630ec786f",12,1,1,9834.49,9834.49,"8000 - 10000","8000 - 10000","temps plein","H","40198b6bf71f42c8d4640b5ce1f9111875af483b","9f189b816d5ce43f1074eac6bcd688c8b2a44520","Plus de 50ans"
"d518432aec25ba99ad477c5960db042e7c4dcfb9","RH","ba8778e3aaad5bcf10a147e3e8c0732ad1bae1a0","0 - 25","16 - 20","0 - 14","CDI",35,"3f923022c63a00d295c7e912e2eabf5ff74ee8d4",17,0,0,9739.6,9739.6,"8000 - 10000","8000 - 10000","temps plein","H","325571368e1c0261df335db8addb79f5b171dbe0","325571368e1c0261df335db8addb79f5b171dbe0","Plus de 50ans"
"8a74dd549edb6972490b883d336b8387f070f4e2","RH","3f1875458d0ff6a9d8a9b1832f18fb4459e944c3","26 - 50","6 - 10","+60","CDI",35,"1712e63f78bb7e0e4ac6db7d62fb2ac29c0fd396",19,1,0,9731.54,9731.54,"8000 - 10000","8000 - 10000","temps plein","H","382e5be98792d9fb7d2e5f8ba25f6ffd8df32ff6","c6e89f45996dc44f0519bfa0ac041e5e61ec652c","40 - 50"
"9ecb180e2d156eb22af34763004aa0df1b9ec43a","Informatique","7293b48349e93f82140b18aaaac29d824ca40f5f","76 - 100","6 - 10","15 - 29","CDI",35,"3666806836a41edb6e0dd22d79bb99d27b9c16df",5,1,0,9668.78,9668.78,"8000 - 10000","8000 - 10000","temps plein","H","8ffadf9ab9179dfccecc73768fb9587b52a26ff3","e57b564ee5a6683aed1b052cf3667b0209b1b83c","40 - 50"
"70ce7f6d6376815e5c84f76ca283fc2e1ceb3414","Commercial","e4e0fde2dd57ab16c53639e55e9928eb2d772953","26 - 50","16 - 20","15 - 29","CDI",35,"c0c124c8a8d878eb6d086a625f3c062d00b3403c",7,0,0,9668.8,9668.8,"8000 - 10000","8000 - 10000","temps plein","H","7ca75610eab5247deb750edaa5053086b9cb1334","d3e0e0e985bf541c38833dba5905351a47e6e673","40 - 50"
"adb5b4d6214035f4fca906c2355cf4bcc8353d88","Commercial","6c7d5a63c0df58080d276bf1e7dc5207a3e05c53","0 - 25","11 - 15","45 - 59","CDI",35,"d4a6bb2ee58d469a6695c5d4ff0eb10e7df39f62",20,1,0,9650.75,9650.75,"8000 - 10000","8000 - 10000","temps plein","F","716f99295cbf4282ba012e6cf1c321e64a07c118","f76da6267d5f942db62e4be8550a6d3d47353529","30 - 40"
"86ed8ca27c556f2acf67cdfd323f27a8539abf23","Commercial","6e16b41bc635f497e7d00d40067745eba561bef2","76 - 100","11 - 15","+60","CDI",35,"fb703058687411df671f40645e07a24497a89c19",17,1,0,9592.14,9592.14,"8000 - 10000","8000 - 10000","temps plein","F","d92e78b294e18a678263a31a23b07b720b0a8fd3","a76ca9e1f8bbc335954545f91dd8b2244162f804","40 - 50"
"17b4d1bcdfc63fece5672457b7c1044eb5f970b0","Commercial","b5ddc0ad8424845023726e90db3b96885fc54530","51 - 75","11 - 15","0 - 14","CDI",35,"428495e04ec27be45e43603e8cea293ebf9d9dee",38,1,1,9583.26,9583.26,"8000 - 10000","8000 - 10000","temps plein","H","447f7bcf2e1d7028f07ce55a4fe0a743f0278a5e","447f7bcf2e1d7028f07ce55a4fe0a743f0278a5e","Plus de 50ans"
"d3fca32a8a4fba15d52fa6557f970abcb922fe44","Consultant","d3e036fc3523664d159a3d7330616b864252a95d","0 - 25","plus de 20 ans","+60","CDI",35,"e7a89b7e6a320b339aae34c273c0a27b0c2842a1",0,1,0,9541.47,9541.47,"8000 - 10000","8000 - 10000","temps plein","H","942a6cb6f325d57af2f58d1b3681495d9a168c30","daaf27e9181c32718ae51d7c8af3b371135ae2f8","40 - 50"
"bd17c9a2fe590f747afd5e411173d3e923e2e593","Consultant","a9fdf3ed0a56b95c0592a5e1ffee43d106ddf383","0 - 25","plus de 20 ans","30 - 44","CDI",35,"d0abae4574b11ccef1d0017fccc6100c46cf28e1",24,1,0,9520.5,9520.5,"8000 - 10000","8000 - 10000","temps plein","F","93f8bee9180a05f3947dbbc6efbfc9e96bfa2ebe","e4110346c9b93fc5a43709210287f57ff26c11ab","Plus de 50ans"
"a9acd94c260ae2f168bd3eb1785b660ce166aa79","Consultant","392034de012b22ef1f5abd6f259b737eebf25148","0 - 25","16 - 20","0 - 14","CDI",35,"6c7c3123cf483ed007717be44b23b84b26194771",3,1,0,9494.03,9494.03,"8000 - 10000","8000 - 10000","temps plein","H","af494113e7e374ac5973f0f169dda756b730ec35","6e416489e9376342a0a26e43be04adaeff20c793","Plus de 50ans"
"5ad69486c3994660c9f3856441b15ce669238eac","Informatique","5f6a2b0af60a0092d44a96a8d3491330fcf396dd","51 - 75","6 - 10","45 - 59","CDI",35,"0df2f542f7a25357918a9d72df427bb04747dc95",8,1,1,9460.75,9460.75,"8000 - 10000","8000 - 10000","temps plein","F","a32034f572ccf4253ab45bbd0399bbbbe638f26c","951462fb146971a2d604a7df5774ecec449f3251","40 - 50"
"5506cae92e52a2c049cdd2e34b2077a8c863eed8","Compta Finances","4905084c015cc188750fea11a11ca21045224485","76 - 100","6 - 10","0 - 14","CDI",35,"e361fbcc4496374b0218ada37c8657ff9c895312",1,1,0,9348.57,9348.57,"8000 - 10000","8000 - 10000","temps plein","F","470649b689d2ed43b5d0952502c58a1d3b80e6e2","9eb140e5dde4620944ae04e16c0ebb2a552fcc77","Plus de 50ans"
"757d656eed5b12271aa18f958870be9a23f06a2b","Marketing","47d92e1b9a0806a3d29281d34af73598a5c11ef6","51 - 75","6 - 10","15 - 29","CDI",35,"0952153c4e9fb518c61b71a50b09b42e3043a119",4,0,0,9310.22,9310.22,"8000 - 10000","8000 - 10000","temps plein","F","e4fa696d69d50d61f38b0929836e3d681cfb9bf8","76cf99aa98555da4ec45332faecea37982c3de04","40 - 50"
"219cd32199ac18b372c07e8c84df616da6a3d774","Consultant","b215cda3f99bab166702c27a9b4fdd82f309b678","0 - 25","6 - 10","45 - 59","CDI",35,"fdd8ab8a6a2643892baf5dd0186bc1ccaf1a8c6f",17,1,0,9253.79,9253.79,"8000 - 10000","8000 - 10000","temps plein","F","b096e6305e7ffdc09efc67bcab26fb55395508e2","3eaf8c5ba8aa04f59c6e1a74317a7465672eddd3","Plus de 50ans"
"5cfbce65ff1497427346f95bc6f5db95c0867875","Informatique","b1af7853874d32e411e7677c5709f6aafe155782","0 - 25","3 - 5","30 - 44","CDI",35,"a2744b1f6e0a62e5bd9db3eafc31e89b74a18385",21,0,0,9188.18,9188.18,"8000 - 10000","8000 - 10000","temps plein","H","87eda32caba850ec09b90982a238ae508d5e5d1c","666ce767debb159dce9029dd39850d31039b103f","Plus de 50ans"
"2698d6907a6c341ece48b4386a14b9cb11d4eb07","Commercial","06e3d036850e2dc109eb5593c5851f527a39e954","0 - 25","16 - 20","+60","CDI",35,"406d72b16a71263f0d16ed211b77a1593ea77c3c",1,0,0,9160.71,9160.71,"8000 - 10000","8000 - 10000","temps plein","H","602beed4efe9e3d3e3bfdf23f7cfeb013beea780","de9b827062a4e67d717bdcc46da98242ff6ecef8","40 - 50"
"b39385158a16586cc05f2b19b81490fe8589aab0","RH","89b2df8296526f29011f5becaf181a1189dbc041","0 - 25","6 - 10","30 - 44","CDI",35,"0e564404ab74e44af0403db0fb4d7f5df435de32",20,1,1,9129.59,9129.59,"8000 - 10000","8000 - 10000","temps plein","H","9a640a2a239744e458bdb8f1576d57d82a52d037","9a640a2a239744e458bdb8f1576d57d82a52d037","- de 30ans"
"114591d75e5dbf9817cc1632f3036e261a06ad6d","RH","fd3fe14fca957655578e7940a3091fb6f2ee1a7e","51 - 75","11 - 15","+60","CDI",32,"598b18a9df49754840cbeb181802b7b476d428bb",19,1,0,8949.8,9788.84375,"8000 - 10000","8000 - 10000","temps partiel","F","98137cee592c7f13462aa9afc823edf63cf072ec","63bdcc06625b3c384e1b8340bfe8a364e1aa435d","40 - 50"
"30849653f0c048ae2dad5c4a859ecf82812a51c8","Commercial","52281a07f8213a5e88a1f755b831f1b565e5f6fb","76 - 100","6 - 10","15 - 29","CDI",35,"76d823c84344ec46889fb53aa59e70ef033813a9",17,0,1,8917.46,8917.46,"8000 - 10000","8000 - 10000","temps plein","F","228f963530cab2d81ca3de537e2f465147c89718","b96bb0af4d48848ea896876dadea58041c50b090","30 - 40"
"11c390ceb4133da31274921f7edd61776c2279a2","RH","6e3616ff1bccd46d14a7d330d2a8b3e38175f178","51 - 75","3 - 5","0 - 14","CDI",35,"4ed7ab862f3a939185873e82283135eea4557a4d",19,0,1,8834.66,8834.66,"8000 - 10000","8000 - 10000","temps plein","F","8ca020814451bdd1c1678b05fcd65017c52b34c8","63c901a0420b1441e0bb99f9b47ee79569269258","30 - 40"
"1451585925f5f2c34e090c738dbf792f9053b31f","Informatique","0f3d656d0d26a43eaeca825e6f79c164a3f2b151","76 - 100","6 - 10","45 - 59","CDI",35,"f7761d3861075df1af6f0808e96d03094a3763a1",20,0,0,8803.36,8803.36,"8000 - 10000","8000 - 10000","temps plein","H","cb3f5939fa03bc8b96d8327bf4a319a1b96c380e","51f811d59129869995cdcae1eed0b753554362d6","30 - 40"
"df42a75ebc081f126c2a2ca7d6c0b3d29ad9bb97","Commercial","174744d355190aa6b1d09bce637b1cd62a640f4f","76 - 100","11 - 15","15 - 29","CDI",35,"42c0f1b4d1ff10bb14ed15a5c2c298520e79fd80",37,1,0,8802.52,8802.52,"8000 - 10000","8000 - 10000","temps plein","H","63f35de53eaa06aa2ca5e4d37c0b9b0bbfc5a350","63f35de53eaa06aa2ca5e4d37c0b9b0bbfc5a350","Plus de 50ans"
"2d61dafe97bc6754e43b0c12694605d8e6ff6858","Marketing","958e2d65f9a1dae65facce864ca949eaf84c3b34","76 - 100","11 - 15","15 - 29","CDI",35,"9fb28a338bf94f6ca3ef9691c3c109d83f500e5f",34,1,0,8784.31,8784.31,"8000 - 10000","8000 - 10000","temps plein","H","89118ef2ba19512e090cd487f4354187291005db","137fe3ba01cd7ebf2960cf98fddcf1a09b39d0d2","Plus de 50ans"
"a20a295e502dec8b51d87f0c4128cfe549bc67e4","Compta Finances","60d10c220d7535ecf6655becf509e5735f5239be","26 - 50","6 - 10","+60","CDI",35,"93a5b057f1bb9cec6e0bd23c16d8a85f94ce43b5",37,0,0,8784.34,8784.34,"8000 - 10000","8000 - 10000","temps plein","H","190b07eca6962263b61226b673eb3b6aa7c103cc","5d580becfeaec8bd319ab5e4a23ec287d6a17f22","Plus de 50ans"
"10ed1d01cfb2db0f93f611122b7ed04ded034def","Compta Finances","f2ab1f63063fffa10a5640655c53c2b8dca49c8a","0 - 25","11 - 15","+60","CDI",35,"bc3049673c4e79c620f59723b71cb86c7a7f3c3b",26,1,0,8742.82,8742.82,"8000 - 10000","8000 - 10000","temps plein","F","b445df712e13da4f47e654a7e3cac5c56d003d56","b445df712e13da4f47e654a7e3cac5c56d003d56","40 - 50"
"225f01c7b16009c660afaf37a5e627320712143c","Commercial","eefdd40f3a8f7272a305e34b92c579152fcfef18","26 - 50","16 - 20","30 - 44","CDI",35,"c0a11ebb4841b25a660512de97ba21173013ecaa",3,0,0,8716.33,8716.33,"8000 - 10000","8000 - 10000","temps plein","F","67eef245592cfa3e326626cac6059a7651d519e2","67eef245592cfa3e326626cac6059a7651d519e2","40 - 50"
"56a80a9aae90b9c9dfc86e4b3771cf81ba9be1d0","RH","70da0ea5f98dee3cc90036b9d563524eb7ceb51e","76 - 100","plus de 20 ans","45 - 59","CDI",35,"cccad837b05255e239683fad933951376eae27be",7,0,0,8648.7,8648.7,"8000 - 10000","8000 - 10000","temps plein","H","40dcd4a05db97c66d8b0811e6a34d1ce19ade1bc","94e92d10bbb7e76c5d1f6a1395958f16e8aca833","40 - 50"
"f6be04e62d965406a7c16333d11b8cc683857182","Informatique","3b54f4111930261d06f4b0523986273545c8c02d","26 - 50","11 - 15","30 - 44","CDI",35,"156cf7f59c1492bd675d7347e0f8a10a4cc9dfa7",1,0,0,8542.59,8542.59,"8000 - 10000","8000 - 10000","temps plein","H","54f0930a096375cece3d64ecd9e35f2933f8e16c","ecf12005efe12ac9f2f253e4ac8626220a309ff8","30 - 40"
"3baa8bc65364ddc9c6178cba887bdd3813d2bc09","Commercial","79f397ee1520530fe1f08bac7862330900f30f95","26 - 50","16 - 20","45 - 59","CDI",35,"624d8b34e996d73a8336ebd29abae1759f0746d2",18,1,0,8512.46,8512.46,"8000 - 10000","8000 - 10000","temps plein","H","37ee3d0dffc2847e540573e91ceb673a2f8439d0","6c1066d0b19eb05f3430a5d067380f60ef45bc14","Plus de 50ans"
"ac48d16593d96239a913ba1a2ace4ff4009d163a","Compta Finances","7fdb8a1734af71f3709f6a227b2a0b764adca2d5","76 - 100","11 - 15","45 - 59","CDI",35,"6097a7f9ee100a353c47b774dfbba42fa24bd3d6",38,0,1,8506.6,8506.6,"8000 - 10000","8000 - 10000","temps plein","F","de81e3d868316664812641efd7085ceedacc0f0a","de81e3d868316664812641efd7085ceedacc0f0a","Plus de 50ans"
"e90039d48cadb1ac9984d6fbaa2853a4888eff31","Commercial","fe1b9d9b4fe90e34005973550d82a29b746be227","0 - 25","6 - 10","15 - 29","CDI",35,"1dde027dc68632c925de74bd33ea67f15d51ae01",16,0,1,8420.53,8420.53,"8000 - 10000","8000 - 10000","temps plein","H","f3443246d97d1913622df65cdbad9aa8be8f0e12","f3443246d97d1913622df65cdbad9aa8be8f0e12","30 - 40"
"7653d3bb5d26c5eed0f73e841654eca50a72c77c","Compta Finances","bc10300606118f12fece67ef191a65bd25169574","26 - 50","3 - 5","30 - 44","CDI",35,"bee669a0de27991657d944e33f75e831eafebe47",12,0,0,8416.45,8416.45,"8000 - 10000","8000 - 10000","temps plein","F","bd4c495aaa7625156cbf4af0909865312df28bf8","50d8ca743289900b07e1f35c95d1e3aa15691de4","30 - 40"
"b4b8a045f554170b4096709b5886bb407fc835dd","Compta Finances","767124b9f7898be4e9b60bfbad347a24a6821b62","51 - 75","6 - 10","45 - 59","CDI",35,"d45a508a6df74f9f32c429f3013c3c13f2d5aaa3",14,1,0,8411.42,8411.42,"8000 - 10000","8000 - 10000","temps plein","F","f34a965d9e5752029b97d75377267de9f6aa07c9","ab02bdb5850797c2a5dff9b9a4b3aa6adbe64b6c","30 - 40"
"693ecf8ef1158b0df0c4e27a1c9caca0b99f7c30","RH","039954ab6e0914f842991ed2cce7d2baacdd147f","76 - 100","16 - 20","45 - 59","CDI",35,"a68ca922699c8598e3fd5298d7df7df493a769a5",10,0,0,8360.88,8360.88,"8000 - 10000","8000 - 10000","temps plein","H","faa7042c6897c85f1eae53bfdf691f4f41d9444d","faa7042c6897c85f1eae53bfdf691f4f41d9444d","30 - 40"
"c612b2b1d1034d832571696c86aed5369a515e09","Compta Finances","3488d8a258951828365b5dbd0563213428d862f8","26 - 50","16 - 20","15 - 29","CDI",35,"82d613239f37e87e26e01497fb7acb9eebc4f3c8",14,0,0,8301.33,8301.33,"8000 - 10000","8000 - 10000","temps plein","F","9f81f0bd783e67ae0f3d30eb3da7de8cc5e0aec4","580280a214146f8afefc722042d2f4a184ed584a","Plus de 50ans"
"c23a7c066758809c90638d1841b27ff03297435d","Commercial","9714e02bbe25cf8399913d52febce59aacdc8913","51 - 75","16 - 20","15 - 29","CDI",35,"67aa5331727f920ed4676b8b261f1a6b755ecf08",36,1,0,8207.62,8207.62,"8000 - 10000","8000 - 10000","temps plein","F","784c0d7f15d707585e558eb7ee912e306774e82f","161eba5a4558d36814245822ff55c36c3eecf075","40 - 50"
"a1a96e4218fec9bb1096324888e68b9c0cd3ea81","RH","137c542a9b75e4470fa35de7a0b59880834a19b9","51 - 75","11 - 15","+60","CDI",35,"6abcbe36596693035473bb846689fd3cef2cce19",38,0,0,8189.46,8189.459999999999,"8000 - 10000","8000 - 10000","temps plein","F","a734d4f9898bc50e9ed63b662a34abbe19fc370a","c4424f0bc198e62d39d6f32d8d1a7a09d905f678","30 - 40"
"7211f5e3e1a5b0d1f8303ae68f10492780d7b0c5","Compta Finances","079851040a7ead688e3ca863f29609589c71e348","51 - 75","11 - 15","15 - 29","CDI",35,"a6a6cf90c1a9d304e8118b9879eba3bee5f984d3",38,1,1,8154.11,8154.11,"8000 - 10000","8000 - 10000","temps plein","H","3488e245d944aa82159d8cdd3f3785661dd54852","c7ada8871c5220917c8c464e0f583d6807565af8","40 - 50"
"e8bc88e306692b3bc6aa47fca585b91d5254ab35","Marketing","6eca293a5973e2cb269339c406e51ebeca922315","76 - 100","plus de 20 ans","30 - 44","CDI",35,"ab3fb9581856ac95e6ce1ba44d635b5ff9299519",14,0,0,8137.71,8137.709999999999,"8000 - 10000","8000 - 10000","temps plein","F","d263c7f6e774f7795f057dfd3fb4e792fce653a4","14fcc9c679b707323041e6078cf29748c457500d","40 - 50"
"41b19ecc14784ae7ecb274707ffa7e1b91cb1231","Compta Finances","2510b99283b854d102e73061b00461ed6ca55f69","26 - 50","6 - 10","30 - 44","CDI",35,"d4969de69f65d21f5c9f24b2c14ad58901bb3150",13,0,1,8137.7,8137.7,"8000 - 10000","8000 - 10000","temps plein","F","d011d91068bb71c10d5745653043316cc79509ba","9459548c8afd026ca721d2929c30f64198a9a8a1","Plus de 50ans"
"6b5af993fc0edeb9e0704a48fe4ef63a00fb3684","Commercial","4fb16d4c49a051881c6dfe04a31500d3f3b3c0dd","76 - 100","6 - 10","15 - 29","CDI",35,"74e0e01f26603626dec76cb419eb72326cbaeeb5",38,1,0,8022.81,8022.810000000001,"8000 - 10000","8000 - 10000","temps plein","F","811bb36f84d0c63d03ac92696a064c1d2b0e6cdb","50f8a4e5977e22a04560f1d489c71aad949d6261","40 - 50"
"af23516f635541818e64f1d79f7c86c332248149","Commercial","946279c684d433b921af6dc30266bc766a46d6c8","26 - 50","6 - 10","15 - 29","CDI",35,"f373b614905197941ddb1fd05978ec76e4db3a38",32,1,0,8007.6,8007.6,"8000 - 10000","8000 - 10000","temps plein","H","415a6ff969c1374c224ccddb6a927b1eca4a1a89","8a46deceacf9c9529617983e028895142da5948e","40 - 50"
"e29a9d4262d6b8962fa764c6a626968a344743f4","Compta Finances","a76985318f8544c5cc0a27c74dd46da1b2303fda","51 - 75","plus de 20 ans","0 - 14","CDI",35,"c40468cc55c1daebf9ebae2c758325fe33ae039c",35,0,0,7978.34,7978.340000000001,"6000 - 8000","6000 - 8000","temps plein","F","0c5c2b7a0728a639f76cceb11e1f3b2e9c94dd96","2f8a20d9766ccdea87bce93e8e7435c822287e28","Plus de 50ans"
"e2ea0ff77620db75df0779e042130b9c13fec948","Compta Finances","572fb870823892f8c01372e4053dbbdd19119745","51 - 75","16 - 20","45 - 59","CDI",35,"18dacaabaddc3d4e370ded03a066e44edd741230",27,0,0,7969.17,7969.17,"6000 - 8000","6000 - 8000","temps plein","F","1689c71d104b87a715b6d9764b616ed7ea207b1d","1689c71d104b87a715b6d9764b616ed7ea207b1d","30 - 40"
"be0b3bba71877b1c9b4e0811536ee583962f5ede","RH","1e775a8150e6a79f4e35d224fe36089b1c0cac33","51 - 75","plus de 20 ans","15 - 29","CDI",35,"c9ab0b3f0e45e15e724a3082d26849687b9eb310",36,1,0,7957.14,7957.14,"6000 - 8000","6000 - 8000","temps plein","F","85739027bcf3de7c3acf1e25efb0c9adcdef30ca","0cde837dbac8e04f1a8d44d2ad133ef5e3408a7d","40 - 50"
"aa91ec889a104947b6a342947a68211cf766e470","Compta Finances","39c6ca19d2fc3a8979570e844641c6482a841b71","76 - 100","11 - 15","+60","CDI",35,"45f453795bb4dd6fbcacff3022d17dbbfb8524ec",21,1,0,7830.74,7830.739999999999,"6000 - 8000","6000 - 8000","temps plein","H","8efe76fb0062cc302e851ba760609d8846e9da3d","2e577bf78eaed832f07c75f7b21e05a69e4dea93","40 - 50"
"c8827d582293c2cba34f8bd1c984dfac49071862","Commercial","36629c4a0a1fb8304011ab9a9a7aa35a9884c37e","26 - 50","11 - 15","30 - 44","CDI",35,"189a9f86df54dbfa77818cfb1737458330a14cde",23,1,0,7791.37,7791.37,"6000 - 8000","6000 - 8000","temps plein","H","d3c31cfa3945c5bad01578e188c60981da62b807","8d2c086b352a69d16bb65e59eaf2723f5b14b556","Plus de 50ans"
"215c092c1200d6b1f72403e04077cd8b85a35e4e","RH","ba08ccc2629a09840cdfc08a7bde0a9d76a89313","76 - 100","6 - 10","+60","CDI",35,"a409f8210818a30c7aa403542246ebb4e6812f99",27,0,0,7788.38,7788.38,"6000 - 8000","6000 - 8000","temps plein","H","89dff0603968baa8f92e773f1b9ec30c835bf73b","328926f479ee002d09aee5504cb6ddb226e7343c","30 - 40"
"8229643338e745fba241682a75c5c98e524d0d1e","RH","5f3be698c221265ea2795079949fdfe10c71d1f6","26 - 50","16 - 20","+60","CDI",35,"cafd9a8afd01847ad0d8206798315c75805600ca",9,0,0,7764.97,7764.97,"6000 - 8000","6000 - 8000","temps plein","F","77eb549975178897b282cc0f61b4eac4d64a058f","77eb549975178897b282cc0f61b4eac4d64a058f","40 - 50"
"dfbc412d408844ea92cc4d4e5fc07461bb990317","Consultant","83b4c16c957635f483a2509c7f2b40976f562190","76 - 100","3 - 5","30 - 44","CDI",35,"bc98c2e9f261c4e7fd701aaf144a3ee0ad7d0887",37,1,1,7750.1,7750.1,"6000 - 8000","6000 - 8000","temps plein","F","c3d82a4f131c173cd10bff422c2a46af7251c6d9","1bf7cf489fa256c0d4b6dc2eec037401ce33dc18","40 - 50"
"66de9d3cefd2e04a23fa64a0c23522848004e50d","Informatique","659ba52cbe3e5c0c156e1ecdefd4e66df50be134","51 - 75","plus de 20 ans","+60","CDI",35,"7c76727ec0f70c50d2be35e2a06ee2016404b764",5,1,0,7731.6,7731.6,"6000 - 8000","6000 - 8000","temps plein","H","5b44db9aa7973e65bd24a7f52136702c30ec3302","08fa208ac24a840be7604072ecd6d3329785cce9","40 - 50"
"7a7c0690c819ff7eba125d148de1696372685a62","RH","28e4206e240114f74085a9a1c9c520407c66c9d4","76 - 100","6 - 10","30 - 44","CDI",35,"ee9acb159b464f288adb4a8e593adeda85635868",21,1,0,7714.59,7714.590000000001,"6000 - 8000","6000 - 8000","temps plein","F","76c3315dcd86927856d27c282ef811f6a0158140","8c51b8a21484a8cbb65365249199a86ecdb2aafa","Plus de 50ans"
"9b8425544a90f374f9081681f92e0dccaec1319f","Marketing","536583b9755271515a1360e4e7777959ada89e5a","51 - 75","11 - 15","+60","CDI",35,"53851e8dfa3aaaed7b7dcfc4cd0f56be757f06e7",27,0,0,7714.65,7714.65,"6000 - 8000","6000 - 8000","temps plein","H","73e39b5498617a357510f748d8e6d24526013077","93222d5542c72712fee37fb6bd628013de8c7ee6","30 - 40"
"d91fb00d59a5f13bec780a9f3f852b24772db20d","Compta Finances","841e4624efdf3c410cd90ce3c83578da6acc3891","51 - 75","11 - 15","45 - 59","CDI",35,"8af850738351d7ce8ce2b3ac3618124226bca714",19,1,1,7678.21,7678.209999999999,"6000 - 8000","6000 - 8000","temps plein","F","d29596d1ee3ceacaabb25faa31b31851cde831a6","d29596d1ee3ceacaabb25faa31b31851cde831a6","40 - 50"
"eaddf61d0ded875a32cdc97b7f5837ab28cc99a9","Commercial","387f118f194ad03e8b25b7d4958d507867a1583d","76 - 100","plus de 20 ans","45 - 59","CDI",35,"9c03c0f4180d0910b19e44628e592e49d213693c",6,1,0,7572.03,7572.03,"6000 - 8000","6000 - 8000","temps plein","F","2dbfe2d7da209d382b1097507e65f2329285374e","2dbfe2d7da209d382b1097507e65f2329285374e","40 - 50"
"af2ee34e0f96d1e67cb985ea2c28d19104648435","Compta Finances","52b0b707d9efc8e89e20bf464f980ce1551615b9","51 - 75","6 - 10","+60","CDI",35,"1bbd8e59b670571052967b4329de77756c47e8c2",17,1,0,7450.94,7450.94,"6000 - 8000","6000 - 8000","temps plein","F","1b325f081ca602c1709d2ea0a89a4f3bfd510ab4","fbdfa47f901433c91fecc161cfcf94ff0c60af3d","Plus de 50ans"
"11ed17c064f0d809914e45487e63d80ae2e02cf9","Marketing","b6f1b8ee72e3605891662bc8b11cf327887a219d","0 - 25","6 - 10","45 - 59","CDI",28,"5268e3868e552eba47e7bd67a2b166095ada1b5e",31,1,0,7432.9,9291.125,"6000 - 8000","8000 - 10000","temps partiel","H","8d4e5eb98de2cd44e33266cfbf419a615c27f6ef","f576f483aa550c0f2de04f83f9447edebd9f6763","- de 30ans"
"339fab76986f563a48491ad0acf3b689b2d5f997","Consultant","62bf817859361d202c3d8eeb7b0edd8b9fe22bfa","0 - 25","16 - 20","45 - 59","CDI",35,"26d672ff3570d0bfc19b877d44aedf66e9c7f248",12,0,0,7382.21,7382.21,"6000 - 8000","6000 - 8000","temps plein","F","32651102e6812524d2a715975309e634c9497648","2826a8f3c740c0d673a748e3303188a26e2fd231","30 - 40"
"052b5e7e818680a2e38be75a0abfe37ca6bd1146","Consultant","549ef4e92d2d366e336e1e6dd3fbd723dff1bf77","26 - 50","6 - 10","45 - 59","CDI",35,"274ce06752a4b00474dc2ee2d01f628150aff86c",17,1,0,7377.21,7377.21,"6000 - 8000","6000 - 8000","temps plein","F","2530fa49451eaa8f2df874effb73272bf79ee31d","2530fa49451eaa8f2df874effb73272bf79ee31d","30 - 40"
"a06e5db213441f0df9ec769ed21c982c529f2147","Consultant","beeb234e7783dadb1bb148e9e4514201b449215c","0 - 25","6 - 10","+60","CDI",28,"6a5cad0d9df262e17903f6036b10f1bc6db2a286",7,1,1,7341.76,9177.2,"6000 - 8000","8000 - 10000","temps partiel","H","b978051e464940d7e364f459a3d98a7c2447046b","c049597bf406dc04caf380f4e10af6c56e751adc","40 - 50"
"67cac874a0dcbb272bc57d440d652c040da45e98","Marketing","b1ba6add01f0a1d5e036f564a59724d685cc1c39","51 - 75","11 - 15","+60","CDI",35,"b9f92aebd5cd934012d8c53d59a62bd76bceb5de",31,0,0,7337.96,7337.96,"6000 - 8000","6000 - 8000","temps plein","H","03e940565c26670c8537336bc159fe1d0751b8c9","8c1c88380a3cc1d02d87300c6d0db72c58a9f43b","Plus de 50ans"
"89c2aad9ef122657d7639b086c5c6cc010817c13","RH","e29abba0158fdae394dc584765bdcf20f7f9d808","76 - 100","11 - 15","15 - 29","CDI",35,"ea7edb7b1baaaa227db6ba2167738a0d8dcf9158",30,1,1,7335.93,7335.93,"6000 - 8000","6000 - 8000","temps plein","H","5d54cd276c20a11aa6f42f1e9321ad0dc6095ebf","0c54a97b9fc8a3be73dedb6b648abbaf91b6c3c9","Plus de 50ans"
"b57509460ae7a3b17db30a56290674710d6b6066","Compta Finances","863c9f4693ec20f7ef0355c797621110ff558031","51 - 75","3 - 5","+60","CDI",35,"3033136cfb45f55f6d1fe48547ef4082614bff5c",7,1,0,7257.93,7257.93,"6000 - 8000","6000 - 8000","temps plein","H","5bfba25d67017e93f830eb675b21339ad9f7ada8","2c51523e9e9762314a67cc360f344fdb131f4d13","Plus de 50ans"
"6bc2a5d7ffd5f853fa803e23a574bca6303e07ce","Marketing","1bcb8e85fcb273664f4c0d6be311ab844e354bda","51 - 75","plus de 20 ans","15 - 29","CDI",35,"56944fe5362806a072bc23cc2da0df90ed9fe331",37,1,1,7256.21,7256.21,"6000 - 8000","6000 - 8000","temps plein","H","d0d69aaec3edb79d928138445bc91fa83a2cca5e","d0d69aaec3edb79d928138445bc91fa83a2cca5e","40 - 50"
"e557c31e0ac62faac0d1d4806f8aa2121e780e9d","Consultant","129154ea5b210324865ecfe2bfdd554b63eb0891","76 - 100","6 - 10","+60","CDI",35,"fc200d9530ac5628dd28a74f640c9a47a6b9715b",38,1,0,7250.16,7250.16,"6000 - 8000","6000 - 8000","temps plein","H","554c85cff32970c822370158c6a8b0b7bfee2540","38f33910ed4d29f4907e5ed85b13b48f83fa96dd","30 - 40"
"8b10c12d25f2ae49e949d4305b74a756056092da","RH","dc58fca85a192f13c468ab779275f91d746c7fcb","0 - 25","3 - 5","15 - 29","CDI",35,"93f9c424d206aa1eba62965535985f9b368f98fb",3,0,0,7228.6,7228.6,"6000 - 8000","6000 - 8000","temps plein","F","243022b09048f3d912578e7c81853f905c601501","243022b09048f3d912578e7c81853f905c601501","30 - 40"
"c5b0ba676f0f98954ca02291a765624473287eaa","RH","ec6ade348c771340fc86d6fafd45e7dbab05afb4","26 - 50","6 - 10","15 - 29","CDI",35,"97d9ff4decfe7e654dcdd0f8b7d6d8bc64b4cee9",21,1,0,7219.69,7219.69,"6000 - 8000","6000 - 8000","temps plein","F","0ad47178a3c27ff655bfe8e500aa0388c841903a","0ad47178a3c27ff655bfe8e500aa0388c841903a","30 - 40"
"1920e47705520b084d542757ad2d0bea77a48163","Commercial","4621f86095d1f5ef4ccd47ad842531030c80ecc2","26 - 50","plus de 20 ans","15 - 29","CDI",35,"cd47322b1974b721a8f1703136e7d9a3900ca9d5",1,1,0,7168.99,7168.99,"6000 - 8000","6000 - 8000","temps plein","H","8891490935e294b27f471076175a69eceeeb6acf","b23063f69a9abaed9fb4ae7222171ed0fef0d432","40 - 50"
"fa7bfe8fa3839f9dd2678c94e553730bf0b89f3d","Informatique","2923cdaf77fa963f4466e23d044433bf6f432104","26 - 50","16 - 20","0 - 14","CDI",35,"588d355a8077084fa29a4b475a327f875dbb19b6",26,0,0,7152.07,7152.07,"6000 - 8000","6000 - 8000","temps plein","H","4d1c3c79854a82dd8a550ec1bf68e9f0d925657c","4d1c3c79854a82dd8a550ec1bf68e9f0d925657c","Plus de 50ans"
"6e991a0e69fe5cc8cdfa38ba0527a051a13ad1bf","Consultant","b16cca1d79c27a0c5cec695f13d65546eaf9679a","76 - 100","16 - 20","45 - 59","CDI",35,"8b4b5bcad1ff862e51645abae64184369d779782",31,0,1,7044.05,7044.05,"6000 - 8000","6000 - 8000","temps plein","H","9fc00c0869be4e8be73a3a7762be7a9ff5afbe85","9fc00c0869be4e8be73a3a7762be7a9ff5afbe85","Plus de 50ans"
"e237ba0f8888a225e5fed552a772f6306d84d6cf","Commercial","6fe59adcc99b2bef0bc7b11d420bfffa9c8ca7c9","0 - 25","16 - 20","45 - 59","CDI",35,"ec7477f85183fc79d68c471597ce16984ab5211e",17,0,1,6971.19,6971.19,"6000 - 8000","6000 - 8000","temps plein","F","f1c6cfd98ac0ca38a6abfe47a15e46f2b9b8b9ce","23334d3d217cbdd167956d91b55e748605a4ca4c","30 - 40"
"7ae6c77fafaa5269d0ccdca1232d40a9f282eaee","Marketing","f74d9ea236d339d9bb6967315eb03629aeda84a5","0 - 25","plus de 20 ans","30 - 44","CDI",24,"bbfe922efa0cb83cb84eab1ce20de5241890d430",21,1,0,6910.63,10078.002083333335,"6000 - 8000","Plus de 10000","temps partiel","H","a69f48e23efeed9ce980a265d48b56f9b137cb2f","3b4bd2a6608fdcbdd08d2b34de37dbfa183cf02c","Plus de 50ans"
"47f1ae04c09ed8f5d20a9507f13a3eb11800907d","Commercial","838db7d80ae7dc6c955af5372948ffadf1386b2d","26 - 50","3 - 5","0 - 14","CDI",35,"8170494847b7361cc30c3ea5d0cf607e8f9d4732",5,1,0,6907.44,6907.44,"6000 - 8000","6000 - 8000","temps plein","F","00719fb0c674170e0d33fb69c28a33fd3ccd469f","caf1abb71544f7287a75862485c634db59b50b6d","30 - 40"
"09922c82d90b0d458a63d3b6d33fa92280db4c21","Commercial","c3a8607214262785735fd66521c4dd54cdba21b2","26 - 50","plus de 20 ans","30 - 44","CDI",35,"cf5ef2c651780a6fe00b848275197341567d515d",14,1,0,6887.33,6887.33,"6000 - 8000","6000 - 8000","temps plein","F","d0e2ccdda22d42b8d1a61278d9e227ec144a7dae","880e0a1fa9f91a5e6014611f5533ef8cc957d771","40 - 50"
"9c3f6b5b60422451efa6d379f087bdf4ddd43607","Compta Finances","5dab54fdf86b6ba2fbead9934b5b7c724c398be3","0 - 25","plus de 20 ans","45 - 59","CDI",32,"5f5107b00c281795bbc166df16b6af085c39fe75",4,0,0,6810.47,7448.9515625,"6000 - 8000","6000 - 8000","temps partiel","F","ee9efa665008d426e7845704a1cc0dafa0a30439","d7fde7c4e89c1ee0e656efb463eed82162d394a2","40 - 50"
"f78a1365a2c3fbda661fb747cddebe30825e7cf4","Consultant","352a55a7365be54fa71d1249b963529cb2276ac6","51 - 75","16 - 20","+60","CDI",35,"a377b5bf127912e02c30168c871af9e400be7503",19,0,0,6657.1,6657.1,"6000 - 8000","6000 - 8000","temps plein","F","af7d59d9b5fe8b5d1015b7f13b5cbf009a49c39f","fcd1a69583ec035a696c5e9dec7222d68610cabe","Plus de 50ans"
"65645389e0f03814460487e6adcabf4208343474","Marketing","34a794844e06c6436f819a5cd8f44cfd9465a96c","51 - 75","11 - 15","45 - 59","CDI",35,"d1f7f9fed76b568cebaf20ef934b9a5afcd77b09",13,1,0,6649.97,6649.97,"6000 - 8000","6000 - 8000","temps plein","F","7862193af6ea9134fae91d3b38a191e5a34f66ab","b35735523344b04791a023b9805c13be45475b79","Plus de 50ans"
"4a5529b0999cd1264ed60f57b4bf5a8affa05aee","Informatique","7aa82ff48b1001a06394515e7f8664053758c086","0 - 25","plus de 20 ans","+60","CDI",35,"33d5182e42f644c29ba086e9f5cb84c234f96186",36,0,1,6591.62,6591.62,"6000 - 8000","6000 - 8000","temps plein","H","340408233f974117225acc94288c2483b3578ebe","9c7cbc257a2b2856a3b405c16b7826a5ce01b336","Plus de 50ans"
"a166e4668d45ed79cc4cd4bd3d5764b4b22b7195","Informatique","7922f9dc90985fa56065756806d6f1c56d7f3e20","26 - 50","6 - 10","0 - 14","CDI",35,"e27b35fc312daf82cdc3a4af2e0cffbc8f71d1e0",1,0,0,6558.95,6558.95,"6000 - 8000","6000 - 8000","temps plein","H","4f0e032414ca4d97e89ace0686ec29bd781da631","4f0e032414ca4d97e89ace0686ec29bd781da631","30 - 40"
"dd130caa9ac8aa31ca51285eb6ec9f4439b27b9c","Consultant","2d660ad527e3fa24ce9b5a0abf0f2e9e00031d23","51 - 75","6 - 10","45 - 59","CDI",35,"10b563640c55728d0416d19bdc500d5336bea686",24,1,0,6478.38,6478.38,"6000 - 8000","6000 - 8000","temps plein","F","d7310e68b8ff2622d38d4dbbea0ce94e0d00a7ae","5f29c9d343ee3bc65b610658c2c63162d50fc3ab","40 - 50"
"88076e8722f02ef767ae41fe550cecdc77060292","Consultant","d45639fd76b72322df2523b7272b11d0ba6ceef8","76 - 100","6 - 10","30 - 44","CDI",35,"be2465746b1e4d8f6ca9225eb6f2efc431a2699c",21,0,0,6473.3,6473.3,"6000 - 8000","6000 - 8000","temps plein","H","0c0d38fdd8c0cbc396a0e5ad6488d57ac25a2f60","b1ab2aa0936f69b994ed144019b39a3df34aa90a","Plus de 50ans"
"04f21aec0983ce0973aa76f4debb32e418d9c969","Consultant","ad7d71d78949b9aadc12240b26ec08aa53facc26","51 - 75","6 - 10","15 - 29","CDI",35,"22419aab707ebfd6ad2cd2c880b7415a04d08fc4",11,1,0,6463.1,6463.1,"6000 - 8000","6000 - 8000","temps plein","H","da8bf79fbf1ea558e917831bc5f87274f5daf37b","da8bf79fbf1ea558e917831bc5f87274f5daf37b","40 - 50"
"718c1eb9b272e15b1742b82d2c15423834c243fc","Informatique","2b7c46ba1ce857f479b5d102dacb9b69dbb33dc3","0 - 25","3 - 5","30 - 44","CDI",35,"bf94585bfb369921452c1bdcbe10e970ef6cc299",26,1,0,6419.82,6419.82,"6000 - 8000","6000 - 8000","temps plein","F","6ec48fe2dbb878402bfc4eda5621ba64c5983794","7a229ee0a4eb9d49e70185c9717ec1dd1a265f69","30 - 40"
"27878bbc4481fdf29fc8d8a3e75b1168717bd265","Consultant","f8ef0c47670b16a9e5eb764a24e8678f1b1d15c7","26 - 50","6 - 10","15 - 29","CDI",35,"9025ff4ae7e2ae10b68759ad69999f44bddde983",34,0,0,6365.36,6365.36,"6000 - 8000","6000 - 8000","temps plein","F","ca670b07ffb765b261bcdf2ea52544e1c2bbfa75","7c01517597b8c19c145865afeaaf8091774b6a8d","Plus de 50ans"
"494d2c9d3ee96a77b8b523c223305e8f49e890a0","Commercial","816179503b3f1e1502c62fd5be5c88c5d369f907","0 - 25","3 - 5","45 - 59","CDI",35,"193fe10fdbd2811b530b7db704277d712774d993",5,1,0,6274.17,6274.17,"6000 - 8000","6000 - 8000","temps plein","F","120397a444211493117a62b85c2cbb842f54d84e","653ed848821f98ebbad8bf2de99270b7720b9a66","40 - 50"
"38342a9090adbc2f5b7509ed43c88db092d3bdbc","Commercial","f336cf8b73fa42f48e4568629183e392a0474f55","51 - 75","11 - 15","15 - 29","CDI",35,"2e66224cd409cf6826a1a6928020bef4c35f6fb5",23,0,1,6258.19,6258.19,"6000 - 8000","6000 - 8000","temps plein","H","25a74fa30eb10ac0674a175eab93f1763b89cf1a","1960c9f5e962c8bf61a141591809b0e08b2b472f","40 - 50"
"f9598ddc7dd86d1577ed48bda3ca49ad802728fc","Informatique","b4ea279154fe18f7392f3569c8c361f0e7809b3b","51 - 75","plus de 20 ans","45 - 59","CDI",24,"a19e4f57ea37b6ecfaa5dc10ddf2d28bf6efc88c",17,0,0,6240.96,9101.4,"6000 - 8000","8000 - 10000","temps partiel","H","237c1ad01217a5dcee56153d5525deae21c21816","d36c96311b13d7ddf8431481f88b5c0da4521c1a","40 - 50"
"8db0f21d441f0b0daec10b3e4810fab0f55b78c5","RH","4cb10e265800af3ba304c76f1cddbd2783ba7de1","26 - 50","6 - 10","30 - 44","CDI",35,"f340bff5cbe64173598d289166fe0d9fd1d07983",38,0,0,6238.14,6238.14,"6000 - 8000","6000 - 8000","temps plein","H","371fe6aa45a08ca6180c6261aae5ddd33440ed80","371fe6aa45a08ca6180c6261aae5ddd33440ed80","- de 30ans"
"164c4954d1e8f89c4b20d1148321ae85b5ad8b83","Commercial","d5fb4ffd92c2459fdd7f86b945d1e800811270e6","26 - 50","plus de 20 ans","+60","CDI",35,"04ff5b2dea2b15024d4081268052a85f7d213036",16,1,1,6225.8,6225.8,"6000 - 8000","6000 - 8000","temps plein","F","815f8edb164a2c5d23666aeeb5ad9e0b06c128bb","90e64acd762a1d634eaea0ff9d7814ecdcfdb900","40 - 50"
"369ec88a2b954b86a842940f144f409d0efa7325","Compta Finances","cc454ad155e12da2eb968cf2bd5055bfff413cd2","76 - 100","11 - 15","+60","CDI",35,"f19081661138fb54d4d8d23de2173414dd5640dc",0,1,1,6188.27,6188.27,"6000 - 8000","6000 - 8000","temps plein","F","490365aeada6008ddea0e7259f8a5e4dd763bae8","6cab608605bb010b4f95b8909d47822b57b9084e","40 - 50"
"a9b80aad33fac70e41e8200c186fad0eaef13564","Commercial","34fbaedaaf26de8b257397f922392cf4a6baf59c","0 - 25","16 - 20","45 - 59","CDI",35,"8ba9f48fe2876a84e2dcc0582b649b2f456306cf",32,0,0,6182.53,6182.53,"6000 - 8000","6000 - 8000","temps plein","H","2cf7d0ae29f1551db6acc31d6b28606b05f5982c","2cf7d0ae29f1551db6acc31d6b28606b05f5982c","30 - 40"
"bc391c571efde827f849ed30c9cdffe4b5ef7113","Consultant","a4d94ae811ae476a7d6fc8abf9aa1a06961e5806","26 - 50","16 - 20","+60","CDI",35,"a27c52252fd3748752cdcbaeb235f2825fe55a4e",3,1,0,6104.47,6104.47,"6000 - 8000","6000 - 8000","temps plein","H","c148005480961dfe9272fe48341c4dc21e3a5dbd","2ed6e3706ef3c4d31c25c0554b7d3359380e2619","40 - 50"
"f2428bc4a6f82c029a7bfa60395e22ee15cc7544","Commercial","a892b0bd7011c1c2c5738b3d535ad1017472ed96","51 - 75","16 - 20","30 - 44","CDI",35,"d61fa48a06c4aaa3bcac14edc87264321aa98121",39,1,0,6092.71,6092.71,"6000 - 8000","6000 - 8000","temps plein","H","3c6cf88ebd963e78f0262be7d7eae09d10c14765","78089052a5d7ef5e31e36cea7a6b92bff49686d0","40 - 50"
"abaea57bee9f29245890d66970a63a8a3e9297dc","Marketing","8dd56babcab907c9900fc71084e9a0fa0a30535a","51 - 75","plus de 20 ans","30 - 44","CDI",35,"774a9c9609d69049ad27f4fc37ce45d683baefc1",2,1,0,6063.05,6063.05,"6000 - 8000","6000 - 8000","temps plein","H","368a2bd13f33bb5c37a6dc8d4c29159326aaa0bf","d5f7d3632d75f1f261034065f744766d06f1d040","40 - 50"
"e043b20015f27d48d681bc1b0a0d565b62c5534a","Commercial","010b1145f7b6b719f77ed8eeaa5143fce88bd72e","0 - 25","plus de 20 ans","+60","CDI",35,"23a764b01ce2b2b6c73bd86b4200106126e7870b",6,0,0,6044.91,6044.91,"6000 - 8000","6000 - 8000","temps plein","H","18bde327e9a88364964360f35b24cb1f33ef9ad7","fb8de00c4f37264a7681d20f3eea917f6e90d94a","40 - 50"
"f4b420d57d9bfe0e35f84581f9308a336757465b","Marketing","a3373b8855c39bb11362164e72ce2c66a5292711","0 - 25","6 - 10","+60","CDI",24,"e8e8218610b4c1714d45efac42c779c45706654c",32,1,0,6011.84,8767.266666666666,"6000 - 8000","8000 - 10000","temps partiel","F","8fdb675000a2fec7143ec1c65f4c953ebc541b7e","8fdb675000a2fec7143ec1c65f4c953ebc541b7e","Plus de 50ans"
"fc8c0c7c8b26e31670e3b2ca036ef29533aa8045","Commercial","e0519b23e8023d937e9069b3843ae0e247a99bf6","26 - 50","16 - 20","+60","CDI",35,"73bbedbc6ba7e2a750e519e07092bffa54b66c0a",17,1,0,6009.67,6009.67,"6000 - 8000","6000 - 8000","temps plein","H","1d91e2d89eb7f5ba26aa867037113c827b3a6d49","110b05a6d797d22ccf2c853ee50f408b0ab375f7","30 - 40"
"2b82fa155a9b3e7cbbfeedeaeb2cf33321e68029","Marketing","ea9a76f043532fe848286bae0a0d911f6477f4ae","26 - 50","3 - 5","15 - 29","CDI",35,"07154987fb296adfe15925a8d318ec1893fe36c1",33,0,0,5989.63,5989.63,"4000 - 6000","4000 - 6000","temps plein","H","7d4e5a3b2021365e30e7ea6dd01a9d94e8316e97","65fe530a94bd76d7efafcfb23074540822325955","40 - 50"
"83a1ba2bb88c9b07b65464c9a36fdfae5c5f3b2e","Commercial","d6a588107a4e23cd32e62bc1af47b360d745e3c9","0 - 25","plus de 20 ans","+60","CDI",24,"39361236f2a289bae7463deb11c892a5c1f137e0",23,1,0,5955.19,8684.652083333332,"4000 - 6000","8000 - 10000","temps partiel","F","b4ebf6e5a41f7d8e7364c2d440002feb88b65bc0","49af5df73fd1c2ef4e8def48ad164a2fb5a1a9e3","Plus de 50ans"
"34d188e1fa61c577f8407a6a0e195659b58ad751","Consultant","5d81881cdf8aaaf3502899999a7e790121ca06e6","76 - 100","3 - 5","+60","CDI",35,"624aa635e4f027ea8e8bae02ba2ba1d4fa152953",36,1,0,5868.46,5868.46,"4000 - 6000","4000 - 6000","temps plein","H","d80209adc635bd7fcda5900691b47b8731c92e7e","1233bf14a7ee5a8b9a26a07358316c2825daa008","30 - 40"
"8dc4b06048966d0e57e38e017cada545361dc4bb","Commercial","f420f26e72466d515c59a2e06d792197214d7c2c","0 - 25","plus de 20 ans","15 - 29","CDI",35,"70080a1d1e7b36fdc201f74965509632071692dd",37,0,0,5864.43,5864.43,"4000 - 6000","4000 - 6000","temps plein","H","69559b0e9a8a9b10b73ddc9cc7d8a48c347f43a2","ea68271bca59b1d96ac071d5f936fcb0fe1b78c8","30 - 40"
"951cffeb43c4d6b545f3eaa3bd253e58da1eb2fe","Commercial","52df36cfdf4c7428441fbb0f50ab7b45bbf52d26","0 - 25","11 - 15","45 - 59","CDI",35,"4cd3f7d20fe4290a702362fbf255dc4cc8200419",17,0,0,5807.67,5807.67,"4000 - 6000","4000 - 6000","temps plein","H","50f8c3327fe9e45e3d051801d3e3eaab019684b3","50f8c3327fe9e45e3d051801d3e3eaab019684b3","Plus de 50ans"
"1dcdb10e0825fb7a60ffd7809decb6276b2d904c","Consultant","40ab7a76722dbf828e37dfed343c4b12e147de02","51 - 75","plus de 20 ans","30 - 44","CDI",35,"564f84b86ec370e3f10b1d8e3050761e70f11c9f",6,1,1,5796.45,5796.45,"4000 - 6000","4000 - 6000","temps plein","F","259244053cc85109947ec237803d65f1af9be580","b72a7f87c72d79cea684a5d62cd1029102d94a5b","Plus de 50ans"
"a37ea843ce62cfa08436626308f38b9bd033cc78","Compta Finances","61637693589d98fd597291822a5dbff36478e496","76 - 100","16 - 20","45 - 59","CDI",24,"1c3feea88f8ee8113e42f835f081bfb635efa89f",15,1,0,5781.39,8431.19375,"4000 - 6000","8000 - 10000","temps partiel","H","8d3be038a323a848feff331fb439d3af798a18dc","6e699f7de492c142fc21c160e20709d1d24b8562","30 - 40"
"75111cdab360115d9c5095fb7bf0d333b3b7655c","Consultant","f23c45e32c6db3a7e010d602b4ae1cee6696a3bc","26 - 50","11 - 15","45 - 59","CDI",35,"18bf72203ed2c3a7061de7d0a22ba34f35e56d56",17,1,0,5642.03,5642.03,"4000 - 6000","4000 - 6000","temps plein","F","6a5fd0c241e05eb8695ee37b3b966d4aa821b1cd","fa2d0c15ae02eae416acb7adbbdfcc402c4f0667","- de 30ans"
"271b59ecf8e3b26e8fdd64408088e053299a5355","Commercial","8c4785150317740eef8bf91674dd880172b12575","76 - 100","plus de 20 ans","45 - 59","CDI",35,"2a3e6402e1f605f12c176e15ae398883d5b72a3c",20,1,1,5637.01,5637.01,"4000 - 6000","4000 - 6000","temps plein","F","542d9028792c18dac4621d625b7255fb431181e5","85f3e968d8e949b571b683c0c448943ac810b32d","30 - 40"
"837a021ec84cee76ea151d8eebd836078ca7293b","RH","4e48b12a3691ba35ce5b938ccbd97322ccacfbbe","0 - 25","3 - 5","+60","CDI",35,"bc168ba7f06b659bd75067014100a271d65faece",9,1,0,5577.31,5577.31,"4000 - 6000","4000 - 6000","temps plein","F","90d92a0d987cc3598b555a485918ec2c8f76acd6","4cd9b4ed891cb439e63dcbfb099fe7e5059d1bf1","Plus de 50ans"
"66e513545e8b92af1cad1093d87316950e97551d","Marketing","3d6d02a9974ade7f402411530706dc681b97601d","76 - 100","plus de 20 ans","0 - 14","CDI",35,"3055877094448f0fb9acc439540fd2b2a1b108a5",23,1,1,5573.41,5573.41,"4000 - 6000","4000 - 6000","temps plein","H","984e575e2530373bb093106be1caa82e2a9b3c3f","50e04e4b76296df5db1433b9842994ab3544caa6","40 - 50"
"3bed0dedf7b1d3755909f31ba2c833fc13fa803b","Commercial","9b75510e85b4e9a80b2b9f515a644830866ea97b","26 - 50","6 - 10","0 - 14","CDI",35,"fbf39cfaaa3214b5c86f90cde01c3d0a8bde9a09",34,0,0,5519.99,5519.99,"4000 - 6000","4000 - 6000","temps plein","H","0fd132ba97d82e762ac5d74ce6934e9bacd0440c","0fd132ba97d82e762ac5d74ce6934e9bacd0440c","40 - 50"
"e9f9c628c05e2043e6a2c92d1d5e0d3019efb1a7","Marketing","f828b6ce9e0b2f4c62526fddda29b416869b59b2","0 - 25","6 - 10","+60","CDI",24,"5d1738de221136b3caa21c36194c0c2065c9a941",39,0,0,5517.01,8045.639583333334,"4000 - 6000","8000 - 10000","temps partiel","H","5f254d58d6687c62931c345b2d9fe7e348f5110f","5565feaa7bd28dbc3fe9a8e76a4e07fb239897c4","30 - 40"
"de28c04e0d9f40214cae089e7848745756712987","Consultant","56a4f6694a300f3bcaa42a6c7498a9dbc85a2bb6","0 - 25","16 - 20","0 - 14","CDI",35,"fc8ba72570787a334bebcad925c12961f93f5f0c",7,0,0,5509.62,5509.62,"4000 - 6000","4000 - 6000","temps plein","H","995827bf714a59da79045bb8e4d729a77f339e07","53e2fdeae2158c283b94baf81b3695e7d25f1287","Plus de 50ans"
"9ab342892ce61b087852201f9df3951793f38749","Consultant","ff403af888bae441cc31ec8496d037c6b82b5402","51 - 75","6 - 10","0 - 14","CDI",24,"69618a21fa05e0ed77b7e7fc73cfc48e4da02361",30,0,0,5503.79,8026.360416666666,"4000 - 6000","8000 - 10000","temps partiel","H","0da493f85733d331799e68a406583c65e0b5301d","56c937b9b6cf8b38a4da827f99471bb43fa2cfbc","Plus de 50ans"
"286506b109dd7f7d72691d1951fbe7bf90183745","Consultant","b9e5f5f5c58f36c7891bd2e335bc9223b25465ed","51 - 75","6 - 10","15 - 29","CDI",35,"f5c0db2cfd199a96b482dbe5bf591ca2c6b3df0a",30,1,0,5443.19,5443.19,"4000 - 6000","4000 - 6000","temps plein","F","7cd814d1d071280ff6b036c463a2d7c3ba4d9157","4e7d77449a447c5a25324a7445ccf287e8ad55e8","40 - 50"
"006326aca5b34285aa2f93c08afa7c7faa874b6d","RH","50f5737dac285ae55df2620d9c2ee0aa76b4e1be","76 - 100","11 - 15","45 - 59","CDI",35,"a00b8012b58d80a1b8071af166beda8a88d035f4",4,1,0,5413.64,5413.64,"4000 - 6000","4000 - 6000","temps plein","H","738b21ba919c43b06cc943c3dfa9fa855b3fa0ad","b19d89023e65789982369cd9e6ac1e2df1ecd28f","Plus de 50ans"
"541c976a79a658733825f085d33d9d0595bb8a63","RH","8f41b420329cf5007682d0d625f0c3d0990665d2","26 - 50","16 - 20","15 - 29","CDI",35,"5c89574aa3eda21a86ce494035aa7f72ba428228",39,0,0,5346.32,5346.32,"4000 - 6000","4000 - 6000","temps plein","F","b718fe5d86c1abb8209014fd1296792f3513d943","6663e5f119151a14e9f40ccdcd9f6eed09623304","Plus de 50ans"
"c586f56de563df20d545bfc73bade5c3345636bc","Informatique","d9a53848797cf1b25f1786e71cb83823cb67e84f","26 - 50","3 - 5","30 - 44","CDI",35,"1b090368d7d20026793ef9133c3a6b507c55a759",11,0,0,5265.24,5265.24,"4000 - 6000","4000 - 6000","temps plein","H","72f540ad85385e1ec719744dba528bf410f2babc","72f540ad85385e1ec719744dba528bf410f2babc","Plus de 50ans"
"e9b991edbb10d1f610aa2c95a6f0e83b3a2a1384","RH","8efc5eb1d8dc52acfaf912c8f08c8f189455e261","76 - 100","6 - 10","15 - 29","CDI",35,"63359d4e9913d908b01cc563309646637125e45c",10,0,0,5158.17,5158.17,"4000 - 6000","4000 - 6000","temps plein","F","eb1f97bb056b9e60e995b58004b3c9b2c70bfdb8","a5d1cf5ae079cf3f7585f73ae2149076f4095052","40 - 50"
"8dad713f287c7db0f9385ec8f2f52d554d2eada1","Consultant","123401ee2546d3b6004e9a09682272671d480e7c","51 - 75","6 - 10","30 - 44","CDI",28,"ef6664cc13123bd25a0da4979b9bbc3be0880ed5",10,1,0,5148.07,6435.0875,"4000 - 6000","6000 - 8000","temps partiel","H","c103a6a9235289ce25bdd62501cdc02fd1a3a363","c103a6a9235289ce25bdd62501cdc02fd1a3a363","40 - 50"
"1800bb264c0e03cd3928caf34588d6efeee33312","Commercial","395fbdbf67ffcf54240ebfddcc242355ac2957ac","26 - 50","plus de 20 ans","45 - 59","CDI",35,"6d40f109de0f5fda2be9fdafbc35d3ff701161c7",11,1,0,5144.04,5144.04,"4000 - 6000","4000 - 6000","temps plein","F","8d0d67b9ea2b63b44b42141ef4dd322de7905700","8d0d67b9ea2b63b44b42141ef4dd322de7905700","40 - 50"
"22ef4a22b4532e26fbd90a0f8993e9b0cffb2f55","RH","c4be175fea6c1ef34b80f0640c7cc616fc23d6bb","0 - 25","3 - 5","30 - 44","CDI",35,"5666c0beb1ea5e44431ea1c792d9498b7e7e5897",33,0,0,5127.09,5127.09,"4000 - 6000","4000 - 6000","temps plein","F","f84b2de69ed9195bb7e6ca26ab383cd3476ac336","f84b2de69ed9195bb7e6ca26ab383cd3476ac336","Plus de 50ans"
"94cc8327a151f2a31fccddc2a665410cb4bda5e9","RH","30d8c9a63479a1f617fb4493e046a6979e471602","51 - 75","11 - 15","30 - 44","CDI",35,"a49d468a25d51e434c22c224eebc7645564ff944",39,1,0,5118.06,5118.06,"4000 - 6000","4000 - 6000","temps plein","F","bfbba1adf2d389c79146b473bf6c8c3f5ab3ce9f","bfbba1adf2d389c79146b473bf6c8c3f5ab3ce9f","Plus de 50ans"
"a55157263f3ba66d134f8a6b108f0b04094f0ae5","RH","64221436c7d1e239bea50e00cfb88e56a0cc5de0","26 - 50","16 - 20","+60","CDI",35,"467cd9dd0b20a9f98cc0c1116b364f6aa2a3d57d",24,1,0,5107.81,5107.81,"4000 - 6000","4000 - 6000","temps plein","F","d5d601d06d11ec60b8277d80d2af687ac3fbdcb3","2722e597f946dc77e3c04ff14164f7a053c54b41","30 - 40"
"a03d3e330c0ab35bb56f8fa52f0a6577e59a9f96","RH","a7a19e6f809f573df50d1f78f69bb45975c3f9a7","76 - 100","plus de 20 ans","45 - 59","CDI",35,"78671a4092e0cbb3967b5ba3ff9acdbc7a5d9b3b",24,0,0,5085.59,5085.59,"4000 - 6000","4000 - 6000","temps plein","H","21cd33ce57e613abf1a16d4e9a2ef5a53f9985c5","01c8d50a9c0266bfbcfdde7cdfb4ed31d41d02cf","Plus de 50ans"
"10ce5804bb0578298d69ae7d7e87069fce6a0375","Compta Finances","f99e1b26a9d0e69931be04b23b4f1864eea061de","51 - 75","plus de 20 ans","30 - 44","CDI",35,"408d61a70275a93a3e8657401a82170eae8ccde3",8,0,0,5037.96,5037.96,"4000 - 6000","4000 - 6000","temps plein","H","de83b6264602537712bb8b669ae79856fb75014f","de83b6264602537712bb8b669ae79856fb75014f","40 - 50"
"5e1f4740f384984e77ddd351eb231ae584818b48","Commercial","9696db0d7b9f262ff5ef2514d8f8b2360cb14e45","51 - 75","11 - 15","30 - 44","CDI",24,"a93cbd9d5912f7a7bcca58e1b76a0a8e611be754",32,0,0,5024.06,7326.754166666667,"4000 - 6000","6000 - 8000","temps partiel","F","aaed995f634f829d7e51fc5dda0d8aec224e7382","b02e2710720c84ed41f64357d489f076bfdea155","Plus de 50ans"
"ab35dc6b579beb61e6f426ff587efbbec0edd959","Commercial","08d9b49d0827791dbe7bac271625b1d071251218","0 - 25","6 - 10","45 - 59","CDI",24,"2032a01081cd029f6e99371763ae8e46c7d67ca6",17,1,0,4932,7192.5,"4000 - 6000","6000 - 8000","temps partiel","F","3b3f14ba1cac00e0c8b28c85449e6452661bb59b","3b3f14ba1cac00e0c8b28c85449e6452661bb59b","Plus de 50ans"
"da5ada56ba8c2d96fd39fab6913c5c088cece48e","RH","d04ecc1347eae3e6892bb21a049013e485bd6338","0 - 25","16 - 20","+60","CDI",24,"1c094ae663be7982eaa88ef4c5e64c465ca295d9",14,0,0,4900.66,7146.795833333334,"4000 - 6000","6000 - 8000","temps partiel","F","22ba5400d4e024279d08a81045ce9c177cd078ba","22ba5400d4e024279d08a81045ce9c177cd078ba","30 - 40"
"b91a38ad1a4ee4faebd30e548f39e3ada7c279a7","Consultant","43652b03405c0aa88ecd3b932d427c4894991f2f","26 - 50","3 - 5","0 - 14","CDI",24,"4d9128c1c16bbb5b468bd3b86b17e8aff1c46085",19,0,1,4843.14,7062.912500000001,"4000 - 6000","6000 - 8000","temps partiel","H","d9ef4df7ecbc1f5b062f61cf1b97b05598d27713","d9ef4df7ecbc1f5b062f61cf1b97b05598d27713","30 - 40"
"313c9ab7c4b97b59deed9e369a6fca35f90d220e","Marketing","313daa908d7f5a4f7ef362fa91f85960bc08e715","51 - 75","6 - 10","30 - 44","CDI",35,"44882a963efe63fdde20b022301ecc3ab0e37641",7,1,0,4811.71,4811.71,"4000 - 6000","4000 - 6000","temps plein","F","ba9b089d44e549d57ea29465f12c4e5e1acf7c69","5b79a1787268a486b5b6c26ffea5aeeb7c4ff23b","30 - 40"
"f0f4c80fda7eaf15ae5c6bebd7068eda63e02898","Consultant","e20595336f64c2ef693f81bbe523f2fdb354563e","26 - 50","11 - 15","+60","CDI",35,"f52826c42c17df52333b057d0bbca8764c993731",26,1,0,4759.38,4759.38,"4000 - 6000","4000 - 6000","temps plein","F","ab6f25a2c1087d0cee564b20131d9222f76d6cd0","ab6f25a2c1087d0cee564b20131d9222f76d6cd0","40 - 50"
"fb892a35798a1267219ea223d3af6b5f15d3620a","Informatique","c889df1fc8acc996370d5e0e49b5695e83223125","26 - 50","plus de 20 ans","30 - 44","CDI",35,"bce29bd7e3e590db2285330491c49acc57332540",5,0,0,4710.69,4710.69,"4000 - 6000","4000 - 6000","temps plein","F","55005128e9e8c2c203239043df5a55146d4144b0","40f7c67dac0d88c27516ca6a13e0387dfd89e6ee","Plus de 50ans"
"a60caf6f6b53d7cd69517a7d4ba569d413fc0877","Marketing","6001dfe9f60503d463a92d21354e7fe44a1aa2af","76 - 100","6 - 10","30 - 44","CDI",35,"0793677bb091ee702961f36b3f5a1e6e9c70e294",15,0,0,4670.39,4670.39,"4000 - 6000","4000 - 6000","temps plein","H","ac930796fb82e5964842940baa69b98a96c4c24e","2a6a19fe22cc0b668a127ce8cc90856604d4084d","30 - 40"
"7bbb594612986512b0e4343f2fbcaaf7f93d93ab","Marketing","9541f02153f7a75f3c814052a91af5bb5b926984","51 - 75","16 - 20","45 - 59","CDI",35,"8101a8a3623b03871b512d242f93bf9935479dad",38,1,0,4610.02,4610.02,"4000 - 6000","4000 - 6000","temps plein","F","48c7563659aa5256930d5d4847cf9d0118c97b45","162422bd01e58dbf771ab632baeffff1f24aec75","40 - 50"
"9780fdfc7ccc386a9b9aa0b150b6afb06564604c","Consultant","ca92c434b1f69ca278ed0fad473014d1d7249a0e","76 - 100","16 - 20","30 - 44","CDI",35,"afa8ae6e3c544d0feb22df46d1529d7712e43883",34,1,0,4562.51,4562.51,"4000 - 6000","4000 - 6000","temps plein","F","49f08035da4d60b9f98a4e2a598ef467899dd34c","fa005379fbfb7595e2b9842974e7ec9c55f61a8a","40 - 50"
"6c014c7b17ee92215c63576b2011e2ee645d481a","RH","43b50b993c814bf232256d1a708a749b9744623b","26 - 50","3 - 5","45 - 59","CDI",35,"cf91239883b0cf70e165af2681ba1cc17a527cde",22,1,0,4545.22,4545.22,"4000 - 6000","4000 - 6000","temps plein","H","cf0213ec15010013e1e12b26d3866e59bf903c3a","ef64702c30873a9f188bba825eff929afb1096aa","Plus de 50ans"
"3b96cfee3a1c03cbff34862962841a4536a84d03","Consultant","3641adca35afa1338d0ef97e27ef689ef1407446","0 - 25","0 - 2","0 - 14","CDI",35,"5c500a1b523fe07da9d083406c79f672419d9dc6",33,1,0,4494.83,4494.83,"4000 - 6000","4000 - 6000","temps plein","H","441e4d88a7507791ce8c93c8ce699070a4000ab7","bf90a190f6a74cf2a765fc0cedebcd8c88300c37","Plus de 50ans"
"a93d268a7fc0e01e737b17443c6b3eccd35c3570","Marketing","434fe3e0428930b6b6c986734078130f3d564ffb","26 - 50","plus de 20 ans","45 - 59","CDI",35,"87603adbb6ce7e9ec0220e50b989114c752d0467",30,0,0,4468.54,4468.54,"4000 - 6000","4000 - 6000","temps plein","F","419a63a66972da655b2094d48e4ffa4d664865bb","d49e0a24da5d3647d8d9574a04fe84e8a8e55dfb","40 - 50"
"d6341c246aeab5c25c33350251788f609290776f","Compta Finances","4ff902fafeeb65e0856d9ad470e51ec702ee25c6","26 - 50","11 - 15","0 - 14","CDI",35,"21055192f8e035bafd61922cbfae0f41c19412ee",6,1,1,4465.27,4465.27,"4000 - 6000","4000 - 6000","temps plein","H","0a154d4f3e10d6a761354982cdd957488c89fc75","d09916d8262821f8a9e5718ce52b73e32a491d78","Plus de 50ans"
"0bedff1f85eceea663dbf79cfa817aa693b979e4","Consultant","742c3bc9b76a856182c078a6673e2cbf1bde6c4f","26 - 50","6 - 10","30 - 44","CDI",35,"6762d8b9f6bf52e6b6d61e68076cd8bdc9c55dc2",39,0,0,4340.36,4340.36,"4000 - 6000","4000 - 6000","temps plein","H","9564819effdd78f008338276ecd9ef013f622366","9564819effdd78f008338276ecd9ef013f622366","Plus de 50ans"
"53a64a1b02ea2b9cd23ded79c890459e26b12d87","Consultant","0fa546e1d83dded2394b4fc49c7c659d9a7cebda","76 - 100","11 - 15","30 - 44","CDI",35,"b61d16cbdb9fc5b0da4056dccb13cd8e9d322550",12,0,1,4332.01,4332.01,"4000 - 6000","4000 - 6000","temps plein","F","800f317586aba1c186f7a5f9e142ce5ee0a95f44","800f317586aba1c186f7a5f9e142ce5ee0a95f44","Plus de 50ans"
"783cb54fa466ae4e5d9d1093067223eda5ff0681","Consultant","b643d3927dbe4af3397426319170379966e10d72","26 - 50","6 - 10","+60","CDI",35,"3845313b84bdf78c5502ba60a6f78940a350bc8d",13,1,0,4324.95,4324.95,"4000 - 6000","4000 - 6000","temps plein","H","1de2f4421630bb2759dec6c2c17c47414b8f0220","52706b52bdd4c8b5856d133d5a1a50c195c5a1b5","30 - 40"
"ae514225bb9427c5456eb36576cd9f7e03dcfe1b","Compta Finances","5db17be00044a4ee28045d5a4695c1dcd841b98a","26 - 50","11 - 15","+60","CDI",35,"0674928950352eabc2889fe87409d845af57ace1",31,0,0,4305.94,4305.94,"4000 - 6000","4000 - 6000","temps plein","H","fe71c0c4d4026c747a8b13e41c10afe349849a0a","fe71c0c4d4026c747a8b13e41c10afe349849a0a","Plus de 50ans"
"e42512fcecf257ab6817516124e708fb4f10315c","Compta Finances","c23d1c2012afa13e2025f0283b86d36f60f0ccc2","0 - 25","6 - 10","45 - 59","CDI",35,"14d7b9bcd2faa467a500562b96c32abdae51a86e",39,1,0,4246.43,4246.43,"4000 - 6000","4000 - 6000","temps plein","F","36546d48db5a7b5d85af17c8229328371448a19d","36546d48db5a7b5d85af17c8229328371448a19d","Plus de 50ans"
"ddb7d284301ca40e3f6e5ef4309f71ce8038ddeb","Compta Finances","7b1310ce7df44de372d71a0b502138d4446aab14","0 - 25","3 - 5","30 - 44","CDI",35,"7ab431a88f9db0b57141cc75a39e96846d7c0e6c",34,1,0,4240.32,4240.32,"4000 - 6000","4000 - 6000","temps plein","F","c0c40dd30fa213393a218f37b690d4c7e73cf48b","f5d59b72ec00655bda6290fbbfa42ef9d60d819d","30 - 40"
"6104b657417b0e2793c878659b4b764d71c5fb85","Informatique","ce01a864983f313aa8dc36314fe92a28b79988d9","26 - 50","plus de 20 ans","30 - 44","CDI",24,"f8e78ad20e972a3c551f15d50fea7612c2dd7f01",12,0,0,4206.77,6134.872916666667,"4000 - 6000","6000 - 8000","temps partiel","H","bc39154abe588c3fca9e2d6e7749fabcb75f1126","cecf4e87eb3d6abbe571dbfe6022d996fd414531","Plus de 50ans"
"1fd6681cca556f9278d8ebc5e940b80da0be3c77","Commercial","c9cd1c98a6f2ee4c332a23f709463d6d023232e0","51 - 75","11 - 15","45 - 59","CDI",35,"88c998b86608877e061cae2cf4d499b0887f86ea",7,1,0,4194.6,4194.6,"4000 - 6000","4000 - 6000","temps plein","F","888aba08f5fd703c9d99692ab5b9a5507db86e52","888aba08f5fd703c9d99692ab5b9a5507db86e52","40 - 50"
"5d52ee0b7cb3258b04293381ef0f1d6463b37262","Consultant","e84ec027e03e6b0301af653d0f139a867de54420","26 - 50","plus de 20 ans","+60","CDI",35,"11330e9ea29acbd80c44f001ec5f5e1caee4ee9e",22,0,0,4175.56,4175.56,"4000 - 6000","4000 - 6000","temps plein","H","c5e245de804aa98ead1a8cd7cc0b26082f82b7cc","c5e245de804aa98ead1a8cd7cc0b26082f82b7cc","30 - 40"
"84a8fc7eb3189ef41cdcaf18c2cc2ca548d53a2f","RH","b5b9e0b9edc8dcdd8eba19f124cc65a0504b930b","26 - 50","6 - 10","0 - 14","CDI",24,"36772c1e635c243ef57359cff708b6212d03d8e8",8,1,0,4158.25,6064.114583333333,"4000 - 6000","6000 - 8000","temps partiel","F","9ab3e781ca4c94a5f138a795ba8ce3fcf28cd32d","366358cbf7818828aacd2f36a3bbf1fe29df28e5","Plus de 50ans"
"f541fb75432eb3ef43916c1c192767c6cf3007ad","Marketing","bfcb838325e704b1ffc81774d5593c32ca8c0d09","51 - 75","plus de 20 ans","30 - 44","CDI",35,"9ffa720716e7dd9acce8705611abd200ec0b07fd",28,0,0,4124.11,4124.11,"4000 - 6000","4000 - 6000","temps plein","F","114cc28c7e7f5832040b9f3acbea694230bdbd6d","1b1863813b218c5285406c07a2817693af8c1754","40 - 50"
"26a5f4fcc68834953caa5bf7be5bdb0410a865a5","Marketing","9c88c4fc8275c7d525e932acd52494fd8e8c2cc9","26 - 50","11 - 15","30 - 44","CDI",35,"4fb13102d632aa4b332305ca50f7a7524304f4d2",14,0,0,4062.36,4062.36,"4000 - 6000","4000 - 6000","temps plein","H","5ed9463cb91bcaaccb9a9b30f0fff3677b1ba773","e2bdee921f8c9b5be7ce120d2e17a83b5ce9058a","Plus de 50ans"
"a01c09832a66efd4c00c2444022419677a41447a","Compta Finances","d4b07b43eed34d5d99cbd00bb6a09530dc1f85b8","76 - 100","6 - 10","45 - 59","CDI",35,"c57c44a24891d77d60e3a8e6d52afcfdcf178ca9",12,0,0,4053.25,4053.25,"4000 - 6000","4000 - 6000","temps plein","F","c05df776b8cee4f6efe2c84067be9c3b217ef364","c05df776b8cee4f6efe2c84067be9c3b217ef364","30 - 40"
"cbb5b5d72fbcb0db101546020b756b6b14bfe0af","Consultant","4213ef6cc9670201f5257ad08bdaf14b74c9c9fd","51 - 75","plus de 20 ans","+60","CDI",35,"9371c5240bb396bff817218e8e05e02fbe56180b",40,1,0,4041.41,4041.4100000000003,"4000 - 6000","4000 - 6000","temps plein","H","458b0b009b9aabd2cd3dd73a3f2f43551381ea7e","458b0b009b9aabd2cd3dd73a3f2f43551381ea7e","40 - 50"
"648da94e97a7612fd9d1470361deec082ec82f3f","Consultant","f9d6c935a46119e58261da0e212c27366cf68442","0 - 25","6 - 10","15 - 29","CDI",35,"c51258d5dca813ff3e28113303052138e4fe38c8",32,0,0,3931.24,3931.24,"2000 - 4000","2000 - 4000","temps plein","H","6431414e05e932976c3ba13b42bada06ad1f4797","3fb633ae77988fe163948832f8a2a28d26c21328","Plus de 50ans"
"9a2506695424837d5741cc609593ceebeb75e6c8","RH","4f7ad8dfb664472a34b416b4579ae0536959e057","26 - 50","11 - 15","45 - 59","CDI",35,"536ee761e1abc02d0c918dafd3b323dc8b620556",1,0,1,3921.84,3921.8399999999997,"2000 - 4000","2000 - 4000","temps plein","H","4931d94474240c19bd72beac7211b74bc43eabf9","79fa31b570c049bee935ff5c6ca39298b06a5684","30 - 40"
"f01aea857e59c596fcf74f08b344e7ee16b41b4f","Compta Finances","14dd1bd3e7c7f6cf8e152042f9c55fd3a0713e7c","26 - 50","plus de 20 ans","30 - 44","CDI",24,"0e9a346158b37811f4a9fc1ca124849300003fbf",9,1,1,3891.62,5675.279166666666,"2000 - 4000","4000 - 6000","temps partiel","F","b16bfd71e04d486e093ffd129b9bd3d1e2aa6f44","ee64af466881baf51528c32ad9085f1e40bf192f","Plus de 50ans"
"73d78bf0dac9eea4a42c594f2a605d1bd32b7fc8","RH","d65e6a2fd211f4b483e0ea0347ae7f86fefe4b13","76 - 100","11 - 15","0 - 14","CDI",35,"bc33ad6272bbd677354d9bce054e1bbb37d8a0e7",26,0,0,3874.62,3874.6199999999994,"2000 - 4000","2000 - 4000","temps plein","F","ab67156440a5a1a45636203acb0331e53501a3f7","a6c5e5e91eb0846617e7df3dec2f5f9e8b33fee3","Plus de 50ans"
"a2240e806ee4ebdecbf65007857ad10c9072a179","RH","32c7d226c5139692c925417d4e5598b295c336ff","26 - 50","16 - 20","0 - 14","CDI",35,"9f67de1d6f7e4aa17efcc1ce620e76d303a1509d",30,0,0,3842.34,3842.3399999999997,"2000 - 4000","2000 - 4000","temps plein","H","c315539eb8540b845d7e0b9a1d1b94e32a947de3","469ae53b908d63b355337c7de566bedf12ee4618","40 - 50"
"57706479595e88c655ac7ae7db8e8f73205733ad","Commercial","9524dcd8a6861b49d43d1e7a5c7a4ee96297c6c3","51 - 75","plus de 20 ans","45 - 59","CDI",35,"48af5f7aabfd40e7a822977077b2fa2a0f0a4fda",9,1,1,3839.1,3839.1,"2000 - 4000","2000 - 4000","temps plein","F","69682cb3cf335c704790c2133a6545e73a6dfe3e","8dd77a86cecf1c4952dc5ea373e8fdd57b5586a2","Plus de 50ans"
"b6f0f04eecf75c218e3da28a0274a00cc6f454aa","RH","0975ffcb38d79c8fde3a697cde1abba30f937896","26 - 50","plus de 20 ans","45 - 59","CDI",35,"f09040690924e735e8ba732b9848ab14a8ccc807",24,0,0,3836.22,3836.2199999999993,"2000 - 4000","2000 - 4000","temps plein","F","e796a9284fa86c665c959663d0aa4d03344909e7","0085d6fe7e11ffaba71064e243913f616b78a40b","Plus de 50ans"
"2b69e54ae074a1b740d384d41033ff8cdaeb5803","RH","288ec1e8166046b9fe9c158d199d10d38111a4c9","51 - 75","11 - 15","+60","CDI",35,"57e5cce5d391c56e17adb7d3de8248ee4dbe3e5a",29,1,0,3742.34,3742.34,"2000 - 4000","2000 - 4000","temps plein","F","1afed586f17c4222f54dc944badf8027dc5257cc","013d2e2b358a9e02321ec40feb4612e73cba5a5a","40 - 50"
"c432d7993b3fa122b3deefbef460f0bb9601d9af","Marketing","cfe6a9aeba9630a24ce50238d1603841741fad24","0 - 25","0 - 2","30 - 44","CDD",35,"a56577240e267011fb39c4289073d2c7c67a5339",24,0,0,3730.17,3730.17,"2000 - 4000","2000 - 4000","temps plein","H","b16ab952e544fb747235f372de5b7aa3c7404cb7","8a769420299d8420218021d9bcfb73eb75322d63","30 - 40"
"ea217f21684dfe872ca0a1c9e5d319462513b781","Commercial","2df4cddc73d41650f490e292e82d58c000c5888c","76 - 100","plus de 20 ans","45 - 59","CDI",35,"3d833c6a54ac72d7de6534ae3b944f6bcde89217",33,0,1,3715.11,3715.11,"2000 - 4000","2000 - 4000","temps plein","H","1250212e1d99bce2fb978b9ca94e55a4dec06929","c851f4fa62c27f0ebe90f844f008a4cad986dc8a","30 - 40"
"0b1b9f37854758e792c0dae84a6bd6cde8d366ea","Marketing","8650e7e5483bbe80de05e77cab7613770151b804","51 - 75","16 - 20","30 - 44","CDI",35,"e3b0e80e5ea5ee60af4c871eb1e6ddf95d05bbc7",33,0,0,3691.88,3691.88,"2000 - 4000","2000 - 4000","temps plein","H","7297ce8f802bedba32b602f35fd0f99c782cccef","6f2069cd849da8aa9a82df05818de9902d71a4ff","Plus de 50ans"
"5465a8c49bf25e44fff24dfbafb39d43992a2df5","Marketing","a90a032cf4a71ab143a08b598d50e8aef7f9c5eb","76 - 100","0 - 2","0 - 14","CDD",35,"5d0b68956f3d009db757ebf89f3e8a08d86c1ec9",6,0,0,3676.46,3676.46,"2000 - 4000","2000 - 4000","temps plein","F","9c0416936b0455faceb53d53ca4bed24c9066a93","7bfc2b92ce1684088b07e41c76062283a1354a42","40 - 50"
"51217068ba377a0097f8ec9d6f5ae8fdbbae1ced","Marketing","e47faa97f6be3148c009df20eb8ef7caa1cb51fb","26 - 50","16 - 20","+60","CDI",35,"f21f32053a674605823ca2fd9f5751634995d48b",32,1,0,3634.3,3634.3,"2000 - 4000","2000 - 4000","temps plein","F","717a2938ca476b3bce5cb99d0d79593af6cdfd95","2475c936406f827412ef3d13595be46a05be3c5c","30 - 40"
"f21e8e838bd0fe1edbbbb4a7887b46af5e7d8b4c","Marketing","826a57070f6c8e4557d3f7846d00b33223856663","76 - 100","plus de 20 ans","45 - 59","CDI",35,"89e6fe2f36d3276359834a6a3090b450c039fb10",30,1,0,3618.12,3618.12,"2000 - 4000","2000 - 4000","temps plein","H","e79ab18d8c8ddc7f7bb796ccc2852f4a22cc7f19","2245edddec8c553551dcded52429af91e1f6c572","40 - 50"
"7f0b9781802e3da66b924ea77553422bc09e5aa1","Consultant","33b6b9d817bbfb38e1aa9ce277ca6b9303fcc36e","0 - 25","11 - 15","30 - 44","CDI",35,"9276fe7013ae9518ef19c4287ac015860ff0f112",39,1,0,3582.86,3582.86,"2000 - 4000","2000 - 4000","temps plein","F","cbcb0546889bcbdf745d7ddae8d809b700bb94db","3bfb2e90c118a3b77f4d88397832f6b8ad537dfd","- de 30ans"
"0030ed343db5b6a9b8530b6889ed6684c6ffe8ee","RH","dce01c3b57203665950f5d1e1fddb09bf6373d4d","76 - 100","plus de 20 ans","+60","CDI",35,"a49127571dde610e3ea3b2af21da435df396edbb",11,0,1,3543.19,3543.19,"2000 - 4000","2000 - 4000","temps plein","H","0700b6da67e17edd96c438e603ffd96b416173c4","bb4f2b9029761410d2cf22c5fad6ac04928deec0","40 - 50"
"a7c98dde02cc4ee50c1cc8e2bc2605fc0c6ed559","RH","1989d89f6a6c923201e175a9740b3c865be1c0ef","51 - 75","3 - 5","0 - 14","CDI",35,"e7939b80d8642f995176059ca88cacdf3053a0ca",19,0,0,3522.06,3522.06,"2000 - 4000","2000 - 4000","temps plein","H","b935247db00560c9ab8d4822f1fc0b63b2f4f76b","28fd4007065eb9832cc49a138094112867c719d3","30 - 40"
"6a34533d8aceea3caebc4bc8a1d2750c4193f915","Marketing","bfc4c26dbbcc3bcd476e2b86dfa46534974dfe58","76 - 100","16 - 20","0 - 14","CDI",35,"35f5670621fef38755633cf5d71a7779a60c5a59",3,1,0,3497.66,3497.66,"2000 - 4000","2000 - 4000","temps plein","H","c051dc6863cacb817f268f47cab5a8e413b781c8","c051dc6863cacb817f268f47cab5a8e413b781c8","40 - 50"
"1071cd90632f0b87fcb6a51a6d12426c2b4f509e","Consultant","87100fc90106031a9676d2c13f8acc994710da62","0 - 25","6 - 10","30 - 44","CDI",35,"394529fb4109e1fee132e7aae0edc83e802654e0",30,0,0,3494.9,3494.9,"2000 - 4000","2000 - 4000","temps plein","F","7433c5ab3cc3d5811f3b6181024431d1f1471f2d","da23d6bd44f335f62ca40fac8eff03dfb360fcdb","Plus de 50ans"
"2e345172e83487f230a3291d52111a53d196630a","Compta Finances","2a41cd63fe88613652145695b598459bc8b0a7fe","26 - 50","6 - 10","0 - 14","CDI",35,"6171510aff00bf7b9719177f3a2f9b6fff0defea",27,1,0,3471.64,3471.64,"2000 - 4000","2000 - 4000","temps plein","H","e58eeec7f6ae020c8dcb851ce9920cc791b66ce2","e58eeec7f6ae020c8dcb851ce9920cc791b66ce2","30 - 40"
"f381b2ac6145c41acf9d14728dbb92f0746acb0b","Compta Finances","e8c4a9f41be11e3da693037729a4ccc76429f2e0","51 - 75","16 - 20","0 - 14","CDI",35,"fc29800adae39faf061c57ea93e60623f2ffad18",23,0,0,3418.07,3418.07,"2000 - 4000","2000 - 4000","temps plein","H","ef155ecd45d5bc3442680a0a3e538445048b286d","d8fff129fecf09345eee8076dc938b03385add6d","40 - 50"
"d2384718261ccbbd9bb9fab8914158bbffe6a903","RH","0d5998537b1eb8ee46c949a5ab37d392272d5af7","76 - 100","6 - 10","0 - 14","CDI",35,"8b8e9d4982773aa0c1afa6c6a679705b5772087b",28,1,0,3368.63,3368.63,"2000 - 4000","2000 - 4000","temps plein","H","d2120a1e088cc4b10b720f96a53c4e7eb7ac9bd4","ac7861144c89e04d1dcfb997a5b1c28e37c70243","Plus de 50ans"
"f352b1f244efa1a987d4f5eb8fb2542b4e10c434","Commercial","ddf4bd1a47251dd965c3d213e882076f98132805","26 - 50","16 - 20","15 - 29","CDI",35,"048e0e3a24552d9607a6199df182eb2b3165eeb8",30,1,0,3293.91,3293.91,"2000 - 4000","2000 - 4000","temps plein","F","6af1d367581885b6605d5e0665ed0d48e8939147","85c519a38cf3f29b58f2dd30978e58cf3eaf4145","30 - 40"
"e35cc1bebca5621153b122986163ec53dfd04e1a","Marketing","e9f4192137cb8bf84c25fbe9e6337c48b0204840","0 - 25","6 - 10","0 - 14","CDI",35,"56f59c6c1076b6749df25199c638ca3d0b5af162",34,0,0,3288.9,3288.9,"2000 - 4000","2000 - 4000","temps plein","F","02a258d90b9e4a1cdd1a35dd1ad45cbf39a69173","8df3457572a3a83719cc3681a1760bae8a923ec0","Plus de 50ans"
"06b1e7a2b8ffbe16c59b5b065993e7c83a0f5633","Consultant","5ad38173830ac88c6fe57894cbc38038576136d4","26 - 50","plus de 20 ans","0 - 14","CDI",35,"359e425d41113f083767ad0d5ca0d00d0162f86e",35,0,0,3264.67,3264.67,"2000 - 4000","2000 - 4000","temps plein","H","86b56f433b2381726f651ff5d75e3d5c97090d8a","62b4b72ab5ef841c81d292f680bb10fe00e464bd","40 - 50"
"c6da80fc9475238cc5f3e04132d927fe9f119309","RH","b433a584dd4896c41f4a667851db4adc26fe33ce","0 - 25","16 - 20","15 - 29","CDI",35,"687cc2f837f4bae43cb13b4b53d3383a483d8df9",27,1,0,3250.45,3250.45,"2000 - 4000","2000 - 4000","temps plein","F","76bf5c2358fb0f8eb7b2d52f0a650401d6a92784","d841d5a22dbb1b2d8c5422893e4177568d41bf6d","Plus de 50ans"
"4840a1a89b402d8593ec5e1c27368744a1d75d98","Compta Finances","bac8d6176f0b5187b42b88bf07e3c95185cfb4bd","26 - 50","0 - 2","0 - 14","CDD",35,"ba2cf8eda456fb4e3cf9a3be155586815733bad4",38,0,0,3234.4,3234.4,"2000 - 4000","2000 - 4000","temps plein","F","d9949e02ae6942ae06fd9b5eca0ce7f6692bd3dc","68eb9e7d676bc1c3b983e621d297a994dff100a4","- de 30ans"
"0f29c29e56ac5a792dd030feea2cb11939e5ae50","Commercial","2861ccf278bb79058c26ed60cbf4ae2b39bb902e","51 - 75","0 - 2","+60","CDD",35,"9fad7a3f7bcc5563ea732a077e7c270d9b80e1b0",3,0,0,3216.88,3216.88,"2000 - 4000","2000 - 4000","temps plein","F","ecdbf9c852a0044ad77b3c847e1cd22a2e69fbb4","5fe5906836d4dea361d3485475781b8e0397bf00","40 - 50"
"ecf6fcb0785b63991e612ff3e4785538b869945e","Consultant","7755343b6cc5d4d70b59e533ee801f87c704922a","0 - 25","0 - 2","30 - 44","CDD",35,"3260675519d938a92ca8bdea7b2bb0aab9dc32fc",10,0,0,3199.78,3199.78,"2000 - 4000","2000 - 4000","temps plein","F","a061fbdf672b2bf000fd3943bf9dc77bc404396c","4fcc75994329888d5ec82f813d1ee691df24e9f4","40 - 50"
"81b45e8556773ef98f2612a2c20cd5fb64cf7916","Commercial","e82020d92d15b54e41777ac850026256eb00789a","51 - 75","6 - 10","15 - 29","CDI",35,"d4f5a5b6aa6197c22dc5d2c1f16eecee29741c97",0,0,0,3196.65,3196.65,"2000 - 4000","2000 - 4000","temps plein","F","5a6a5d813f866a36a2210b065bf12914343fcd9b","12bac7fa094ace231956e2c4c4eec717adac4c72","Plus de 50ans"
"193230ddfebe33c26d7e0341c38f15e37ddefa4d","RH","4fa0c64ad26e8900241486deded28fb855bcfc99","26 - 50","6 - 10","30 - 44","CDI",24,"8be1da58dd8e7c266c24ca19dc0044efd319bec5",37,0,0,3148.54,4591.620833333333,"2000 - 4000","4000 - 6000","temps partiel","F","acf400ba2b96b8e26bcc8b85e6b6df29992c35b6","38eb7aa7de24ac13e3aa266ef7c3abea67b9ce04","Plus de 50ans"
"829595b58c840798e82d5e94809a4c6ef58f2458","Consultant","1f872e6892ca3ecb9cfdf48b5b0819ec991661cf","0 - 25","plus de 20 ans","45 - 59","CDI",35,"deb2c0c7f7f989f263483e38ef2f00420df07ae6",13,0,0,3128.1,3128.1,"2000 - 4000","2000 - 4000","temps plein","F","0a7e69ffc06d4fdbeb661bd99c9a51721e0f25de","e173a97817d4ac9dc77b1d4a621c6cac9889f822","Plus de 50ans"
"ff0bf36aa6d584be326f831837805b98ce6dd48a","RH","74211a02c3a7eadcf9be8b8b03f3fb870cdd89fa","51 - 75","16 - 20","30 - 44","CDI",24,"14b9b95aae586d232bc6e3a53a66693eff135a53",6,0,0,3091.67,4508.685416666666,"2000 - 4000","4000 - 6000","temps partiel","F","ef01ebaaa7396a1d37901c90fe1852ebf5cbbe51","2ef79e3c6aa3a771ec21a25d7171ed8166061f89","Plus de 50ans"
"6c273836eb2f749d03e3d51d461ee8769e4bdbf1","Consultant","04eb93d58965b809452ad98ac15000d4bfe84701","0 - 25","0 - 2","15 - 29","CDD",35,"f505a57b456ea2015a2f91eabc94115c71e9af02",8,0,0,3063.41,3063.41,"2000 - 4000","2000 - 4000","temps plein","F","6b2a7a1389d98915f6718cadae333a662a8976b3","4016a3b415437fc0b507eaaf23b571bf861f059c","Plus de 50ans"
"28309c9cba83602087a586b7689005bfab097e93","RH","366e678ccd20cecc1495b7e75ce407191f224fc2","0 - 25","16 - 20","15 - 29","CDI",35,"f06cd82652ed6de47a9a8ff03e687a78a331039f",19,1,0,3042.31,3042.31,"2000 - 4000","2000 - 4000","temps plein","F","bd5928913408ba4028d1de2b254cb2925f0fc088","96680b197b95e9220503a819f16496f83e47518a","Plus de 50ans"
"f915acb1e2773ff5aa17fdfa59280c882c28c9f9","Marketing","f7ac63c865e17d10f046ff0cb682c9f1425575db","0 - 25","6 - 10","0 - 14","CDI",35,"05d58e254a3f305fa44fd57a5742bed343c19fa3",21,1,0,3028.19,3028.19,"2000 - 4000","2000 - 4000","temps plein","H","2e3db0063a9e9f7fd76ce01657247466ae4044ea","6125f2af259e3e502fdee5419429b19b9b94544d","- de 30ans"
"bbc69720521404cf7494819e54d9ba023fa00859","Commercial","3bc47c592dd94062bdf05e78ad05510626d991c7","76 - 100","3 - 5","30 - 44","CDI",35,"fbceb51471fd7ed504787f04adacb1441e8a53fb",33,1,1,2958.62,2958.62,"2000 - 4000","2000 - 4000","temps plein","F","47bce996f3b82a6a5d277282ca0c2f602e6eb1cb","4fc38d5990f8d22ac2384cfd871057bf76ce1183","Plus de 50ans"
"7a34429bd6d675598985d7eebe5422782b42d7ae","Consultant","1aa5aa939bd68fc98400a0b88ce7c3997bb50cbe","76 - 100","plus de 20 ans","30 - 44","CDI",35,"d6fd361c4e13022bece315abbba3a0d16657a149",39,1,0,2947.57,2947.57,"2000 - 4000","2000 - 4000","temps plein","H","2f18c217f95d8be46efa2cc4a305bbb32cbe6ce6","2f18c217f95d8be46efa2cc4a305bbb32cbe6ce6","40 - 50"
"45f9320e241bf528e9c757d616beb109f2a82f6e","Commercial","418de1882f4a5e814629f1dc81108e30e4c967d7","76 - 100","6 - 10","30 - 44","CDI",35,"12d9f8e4be139a665eb87e3d8d52368bc74ba515",35,1,0,2946.52,2946.52,"2000 - 4000","2000 - 4000","temps plein","F","aa40c623fddf4fafb8eadb53655adaaa9376ecf5","4d89291e781d8cbb5691ac4e5642927284f2b654","30 - 40"
"3672edf9eab10e1d908de3a784540819860f86be","Marketing","c73196b003f46395b8dc05df0254f8dd9f7029bf","26 - 50","3 - 5","+60","CDI",35,"c291b4773ca659d81c0cdcf629acc31f37193406",35,0,1,2941.47,2941.47,"2000 - 4000","2000 - 4000","temps plein","F","35a544d988b073ff9d07b992c0797c84079f44e7","dd2b00695f9a08d9201590a41fa0925314adf7be","Plus de 50ans"
"430f98d825d9a56a29eec3cd761c72bd8db990e6","Commercial","0aa298393bfd815325947bfcd8464c0e4dc2cb21","76 - 100","0 - 2","15 - 29","CDD",35,"731b44ca90fa1f06f8ce468d6f6e376e06d54b4f",27,0,0,2911.09,2911.09,"2000 - 4000","2000 - 4000","temps plein","F","d0127b64511a9e2aa28412647133a9172e18d5e6","c985ae6afb8d7a85f8b924b462b7f298f9abd3db","Plus de 50ans"
"7e7a36dd8dc617e13857669a2a8c3c94531dbf6b","Informatique","cc105cbd26673479c695e359649125240a03ab13","76 - 100","3 - 5","15 - 29","CDD",35,"742a71ef89be20e24732e58f7cbf874e842d7009",15,1,0,2876.63,2876.63,"2000 - 4000","2000 - 4000","temps plein","H","76631fd0b1149a3c5a3bd0bad3ae5fb778247ac9","76631fd0b1149a3c5a3bd0bad3ae5fb778247ac9","30 - 40"
"64d204173ee32afde514fa4a3b7f11eb6ce9bd1b","Consultant","ea3ab80ec31f9808e9cdcc723f39292bc075768a","51 - 75","11 - 15","0 - 14","CDI",35,"5c2ad83af333a7d0637fdbbb1467bfce3d8979d4",2,0,0,2872.46,2872.46,"2000 - 4000","2000 - 4000","temps plein","H","6dad75a6cf154dcf5c7816c5424eee8b21226140","7e59a87fda20c195d66111acc7d1c3580c5a63bf","40 - 50"
"1f33e318c4cc7f20f3eaa29cb9381dc94d16e2e1","Consultant","3d21c88594cad3604491f22104170975e4926aae","0 - 25","6 - 10","+60","CDI",35,"b41980f4c29d6d4b48d2f5a424371a2118df1667",15,1,0,2863.5,2863.5,"2000 - 4000","2000 - 4000","temps plein","H","cb8736064d023de89a1cc019e7f6ee719668a390","83deec199adee72ce7c7b3a60a56de9db102d3f8","Plus de 50ans"
"c5fb3ae3084e2dc6d9f4f256ed655bb46e256c00","Commercial","d56201c0304bc2ba7368f6109bf2060272d7e545","76 - 100","plus de 20 ans","0 - 14","CDI",35,"a06e49aeff3639ee931ddc855abaac47af921075",21,0,0,2857.5,2857.5,"2000 - 4000","2000 - 4000","temps plein","H","52e594bbe6206c2ffbcb710814a50f3d86fd6ce1","89a66419f53c7340c1df5eb2bcadccdbd9235924","Plus de 50ans"
"ec5258be4ab5c3786f55b70a860fe6c412ca31ff","Consultant","1f0d07595a9c9ddbf88236d4f1855ae8a307dee9","0 - 25","11 - 15","15 - 29","CDI",28,"a35cf3ce28c63fd02eaea9ada0aedbff375a3ed5",8,1,0,2842.22,3552.775,"2000 - 4000","2000 - 4000","temps partiel","H","d7c47526a5c52c1b0df775dc183a9a3179b9b36d","969bbe1b14765cfc35dc2076788fc3c5ecdb42d6","Plus de 50ans"
"cebf7b38d8d9481db8c4152bbb2e31d07d7a0206","Consultant","e38c4a20eeb1729298cf703eb54ec9a00cbcf30b","51 - 75","plus de 20 ans","0 - 14","CDI",35,"432fff64d371292090130ab2aaba42bfba7fd2f6",10,1,0,2804.87,2804.87,"2000 - 4000","2000 - 4000","temps plein","H","e27e9f0410857c72f3088289c8415000c50abefb","0abdc28972f2733ef8618ccfb7bed0e5d6576653","Plus de 50ans"
"743d0f6d0fbc3de2d128ac69a37b8c2ac5e180eb","Compta Finances","0f830a30df573967e09f448bfb1267008a297a07","76 - 100","16 - 20","+60","CDI",35,"b01ffe17832763a49a8ce6faa833a066c6dbec90",33,0,0,2797.02,2797.02,"2000 - 4000","2000 - 4000","temps plein","H","227cb11ce678eeb68a6b530b3379e9280131451e","6637b049c14c809d457720f8485b87edf77ff19a","30 - 40"
"08e9a39cd132734a485589d0dc81433f2e34d43a","RH","70f654100fc6990565504849bfc1040fd84acfb3","76 - 100","6 - 10","30 - 44","CDI",35,"7e4054efe14405b8bf77b5892e130964f0c3a7df",6,1,0,2795.74,2795.74,"2000 - 4000","2000 - 4000","temps plein","H","aadf11a2a8c54dc62538c156ab4488d3e4ec768b","cf5c0925cea91fd723fc31af6351d125f3ae879c","Plus de 50ans"
"5f2b9e1a1e2d33e957b1b7b8e2e0803f0309641f","RH","49d3ac4776aacbab1d279a652d2d3481022f3447","26 - 50","plus de 20 ans","45 - 59","CDI",24,"a63964f3bd7aab82412c2d5fe9e2c14ba6b94768",27,0,0,2762.62,4028.820833333333,"2000 - 4000","4000 - 6000","temps partiel","H","b80b746fa5291c6e967fe3fb95ebfdf3544a560d","b80b746fa5291c6e967fe3fb95ebfdf3544a560d","Plus de 50ans"
"3a75c9bc05da945988c694deaa28d75d398b09b8","Consultant","3a914ee58b4aab477dae678fffbae5cb9a026779","0 - 25","16 - 20","15 - 29","CDI",35,"93cbd5012d29d962a5a2664f1bbfa429a7443cd4",4,1,0,2759.36,2759.36,"2000 - 4000","2000 - 4000","temps plein","F","84bf9f0add63a01a52074f1f8d47c281a8109d60","f54b52bf290dd9dd1560d775a0248cfe528b92c8","40 - 50"
"26b4b03d58b3ca26cfa36f8744d5fb8db0138bcc","Consultant","a3d26b2bfcc81e7d3e8dde302da401e659646627","51 - 75","3 - 5","30 - 44","CDI",35,"6e76167fc47778de3e805761dc43080db9eb1731",20,1,0,2701.95,2701.95,"2000 - 4000","2000 - 4000","temps plein","H","115d37587c577caea5c9f2027cbcd06ae1512f58","115d37587c577caea5c9f2027cbcd06ae1512f58","Plus de 50ans"
"68a3bb49c21c6c3d9acdb8b2d5c1ac17fbc72964","Compta Finances","c8628389db1a47e9ef64aa8ca113a92639888436","51 - 75","16 - 20","+60","CDI",35,"4c5aea7d91b59cc1add96bc5ec4ea12d7d9f1840",32,1,0,2630.36,2630.36,"2000 - 4000","2000 - 4000","temps plein","H","3a0b397532572f657ce6d1a3318b3d3e02898873","3a0b397532572f657ce6d1a3318b3d3e02898873","Plus de 50ans"
"959f9af8f667ece5e56c3a2e44b1cd038ed99700","Consultant","fe8f26afa96c4f914ac349e450820a574abb7063","51 - 75","16 - 20","30 - 44","CDI",35,"7a2d5937d80917a9b24d0b01f20a0794f6fc8ab2",13,0,0,2587.75,2587.75,"2000 - 4000","2000 - 4000","temps plein","H","9c6f064135a9335a2922a7450783f9060035638d","9c6f064135a9335a2922a7450783f9060035638d","30 - 40"
"0cbb7b2313d0853ad5f9917d35d3574bf562328c","Consultant","ceb44aa55832cd35ded4593f8e49517897b95f9d","51 - 75","0 - 2","45 - 59","CDD",35,"82178d10d60b5a31fa257a09e410964f231e9e48",22,0,0,2584.81,2584.81,"2000 - 4000","2000 - 4000","temps plein","H","c49cd7969d36c435ae6a01d8bf2b2292ee205a24","5d1d71e9aae7a02b49a0c262d6915fa17e99ab9b","30 - 40"
"c007f2d86c6ecd3c885d585766094bc4e1b12698","Commercial","f805fcfb52267cadf460b3bb0274ae6d83fae9ca","76 - 100","6 - 10","15 - 29","CDI",35,"29c55f9f2531cd4d7f9f88af69f2ce5727dfcdb0",21,0,0,2537.33,2537.33,"2000 - 4000","2000 - 4000","temps plein","H","ec61ccbb569fa42fa4872c829c51451a8e8883e2","edad3cf8593e87489b0b5800183e3860ca22aa23","30 - 40"
"25885b09b8b2afeda518f34b7124ef095745f286","RH","b1ae5b81cafc329f5334b62e19d7e0ca7e54010c","76 - 100","16 - 20","45 - 59","CDI",24,"5a9f2181c253ecfec2636176f681051b0c117ba0",18,1,1,2532.25,3692.8645833333335,"2000 - 4000","2000 - 4000","temps partiel","F","a7d869eac907788ae278851986fcfbf32c068f81","02f497e9a71b3772890ccc87bb4d12d04077d0fd","40 - 50"
"78f5ccea611684b08f02e6172f101a4eaf169376","Consultant","efb305586f1618abf0e1fe624c93f8dbe7000155","0 - 25","0 - 2","30 - 44","CDD",32,"04c92c9b1707ad364cd3fc695871b176ef0800d9",21,0,0,2521.17,2757.5296875,"2000 - 4000","2000 - 4000","temps partiel","F","fc193f79c563498d6eb81e9c5ff4b33cb72b9879","fc193f79c563498d6eb81e9c5ff4b33cb72b9879","40 - 50"
"37a5457ed950f0324289b45db14a0b5bf8590112","Marketing","48bcd5d6a3ca6f4179ee5123f8edf38e89627696","51 - 75","0 - 2","0 - 14","CDD",35,"c78410835aea06d39f5fa18eb074b2a58aaca59f",21,0,0,2451.48,2451.48,"2000 - 4000","2000 - 4000","temps plein","F","4df5cb30d97bae44bcc122b8282715e99f37b70f","a4e43955ba815ba4a2b911b568bee92f8390d6de","40 - 50"
"51d3f35489d9426b054f83dcc63b5145e21172cd","Commercial","c360e5d7081eafc55168cc06bf4cdd4fcd35e8fc","51 - 75","plus de 20 ans","0 - 14","CDI",35,"b2fa64c8ccd9c1a10455fe2f7998678a80de80d7",11,0,0,2420.07,2420.07,"2000 - 4000","2000 - 4000","temps plein","H","7ddcf536c528cd261f1b21742e39cb15b25a4b7e","bc09958e8c3b00083ecbd6907426326d2ae5b044","40 - 50"
"2771db6b8e1185ebe657da2f50e0b03daa40e53a","Commercial","7186f6f6a8ff897534b9271b69889c5ca7b7d561","51 - 75","11 - 15","15 - 29","CDI",35,"abc16068eea6536c94479a805c16241cd3d34d87",20,0,0,2392.89,2392.89,"2000 - 4000","2000 - 4000","temps plein","F","75fc20358c151cbddcaf18a1e41afd757af299e8","10d225ff9259b03b4c91c3af379f0795881f9686","30 - 40"
"b9ad4f8d545e3a313019c023e53b90b808579f3b","Consultant","3d9b41572f824c0147fe687ca4b5ca5f2a7bb974","76 - 100","0 - 2","0 - 14","CDD",32,"cec24e66728ba21da3a06bf9710d1a21acae4c6e",12,0,0,2380.69,2603.8796875000003,"2000 - 4000","2000 - 4000","temps partiel","H","6095122430e436dfb5f350e7ad94505c610b52cd","d0ee0d7eb8209f95281b167d77cad33ea58c1215","Plus de 50ans"
"38942f49255ce0457ada3750e77fe3d4d6a25edb","Commercial","72700fa6f97013e4da83971dd96d9077553e3b0d","51 - 75","6 - 10","0 - 14","CDI",35,"62f2a14ba4152720879abb0190926382f0f843c0",23,0,0,2333.33,2333.33,"2000 - 4000","2000 - 4000","temps plein","F","83a3bd1811b0dc7c9915c87abc69a35a2a5fa1c8","e46ccfc407402e57d814b678203bbd83f39d6f40","Plus de 50ans"
"ffeedd5a01c19a45cb7d8b011203525613c5eb81","Consultant","2d255c7d4915a77ac35dc8855bc2f0cc0235073b","76 - 100","0 - 2","0 - 14","CDD",35,"46b77aff1096bccbbe2319a63dfbe6cd8e00ea1e",2,0,0,2248.28,2248.28,"2000 - 4000","2000 - 4000","temps plein","F","bddb4d3c5e2a76c1e827b5c76f5164db242162b7","aa72e366cb958851982cb007b83b82e8cdc5a0e8","30 - 40"
"d160f239c40fa971fcbd363ac8b8af8f5932527d","Consultant","000fabbec9ebcb328825f0b8c4b87a483890dbe6","51 - 75","3 - 5","15 - 29","CDI",35,"8d3220cb9340c4b334abd2d469b1cacf0b966268",18,1,1,2153.5,2153.5,"2000 - 4000","2000 - 4000","temps plein","F","d9d9294856e9731a985be84f174d406e21a3c873","df32441234fcb90f4acadd2d81b36a078df46b49","40 - 50"
"2885e54707e63f8bc56428e28fc6b86e1a65c5fe","Compta Finances","a8b2488404ccd131dcbc073bc8efbfab7cf88095","76 - 100","0 - 2","0 - 14","CDD",35,"8a386d8527d4f93e692a149715643e6b470968bc",39,0,0,2144.62,2144.62,"2000 - 4000","2000 - 4000","temps plein","F","5ed145471bb607f04065bd029766f814d1842e96","dd9d0c1a40aadb5fcdc5b00038a36e13add28842","Plus de 50ans"
"c1c0b422f00213a608df823e4588c482e235e1f2","Compta Finances","f7d872b70187e1999d1816e8b75ff77f59e6af58","26 - 50","11 - 15","30 - 44","CDI",35,"ae678a5a94673ac87e4555dd54c9306a9fcdd181",7,1,1,2099.86,2099.86,"2000 - 4000","2000 - 4000","temps plein","F","a71342104758edcc143f53633ca3b925c2b9b73d","a71342104758edcc143f53633ca3b925c2b9b73d","40 - 50"
"3d89e0bb281817656c257e14b0991ced16b0b21e","Consultant","e9c2d95855b33a6d8fe778b840dc56eb60c7781a","51 - 75","plus de 20 ans","0 - 14","CDI",35,"9cb02bf672076a02aa168d4cdc29e426cb864c7e",28,0,0,2094.01,2094.01,"2000 - 4000","2000 - 4000","temps plein","F","199c95c5158857fc6314be8e05ff5d39a6c41ad8","2adfaf9e282319334e9f532afaff8559e69d55ee","40 - 50"
"2442efb4b6db0fd34af9cdcf0c95ccf86011d408","Commercial","72c7d5751928cba9ce25d346368e73c1c0adf5c1","51 - 75","3 - 5","45 - 59","CDI",35,"6652a742039c12482d4b77dd543bdd9300e09241",34,0,0,2091.04,2091.04,"2000 - 4000","2000 - 4000","temps plein","F","1a6423ff1e9965892636ce1c50a98ff6b8a732bc","1dd8316c9b3fb9adca2262644f29620af8a42c40","Plus de 50ans"
"97edddebd43e66e48116775804410bd63568eec6","Consultant","7f22ce983c7041a4eec00b640ce1614de71b00c1","76 - 100","6 - 10","45 - 59","CDI",35,"c4b88f09d493b14e8540af2dd70948452f3e4f1f",24,1,0,2090.94,2090.94,"2000 - 4000","2000 - 4000","temps plein","F","718cb616260429c685012e117d8c9b7baaad3097","5aad86aeb2cd05b55b340e6ae8a33c47d69c051e","- de 30ans"
"66d83c9adeac675a221b8871c1a28152505de66a","Consultant","03ae4d6d390a043131d78d6c68b3f120aa65caa1","26 - 50","11 - 15","30 - 44","CDI",24,"cf3e9315f82571f99f7a57881658eeed1c81029b",12,0,0,2075.67,3027.0187499999997,"2000 - 4000","2000 - 4000","temps partiel","H","d373a2a132cefb0b1836c0d797d5936cdf4e068b","ba4d77778d69e96eff4d971322b7152e4cc28ef9","Plus de 50ans"
"3a9c4debc4f9f4b82a6b7324fcbcfdd58fd1931f","Compta Finances","0ae0d1c8d4d85d68e3f7d385547cfc90493dc50b","0 - 25","3 - 5","+60","CDI",35,"e5a52692de0013b1a8bc50f5a8b1d9e82d01225f",13,0,0,2072.65,2072.65,"2000 - 4000","2000 - 4000","temps plein","F","42f33e0741cf4a9bed75504cffc8d6e3aeea619d","42f33e0741cf4a9bed75504cffc8d6e3aeea619d","- de 30ans"
"9c687d1fda6a910f62b31919ae7680fa67f7a1ee","Consultant","7bacb79cc8485fa7beacf8dc266ed32ee0df2a46","76 - 100","6 - 10","45 - 59","CDI",35,"70f4649d34171e2a540637c287ee8c073ba3a414",19,0,0,2048.47,2048.47,"2000 - 4000","2000 - 4000","temps plein","F","85a2ea9b940dc455cf4e7cd90bd857b4b4597aaf","1bbca4ab58e51fbd42c0f6c6369cd5dbdf47de11","30 - 40"
"65b25976ffe3d15f0888f025626ad139b284507c","Consultant","683c552a39aafc19dd3766cbedc04fb4ad6e9c6e","26 - 50","11 - 15","0 - 14","CDI",35,"ae36bebaeaff45e4699b8fde76bb1f6742a27c8c",4,1,0,2045.29,2045.2899999999997,"2000 - 4000","2000 - 4000","temps plein","H","b206a0b402162d9aa88de5e0df634af89d4c6ac7","b206a0b402162d9aa88de5e0df634af89d4c6ac7","40 - 50"
"f4d707a8f7f0400ceb16293c2677c0f260a8b970","Compta Finances","72ed201920c6d8f0e545824e1506618da2f7d89c","26 - 50","3 - 5","+60","CDI",35,"83ec260e5c35a1a04f1fad6fb9caa51253d4bf91",35,1,0,2028.43,2028.43,"2000 - 4000","2000 - 4000","temps plein","F","6bdcfcce2f753521759c35206f9d5136f8ed477e","6bdcfcce2f753521759c35206f9d5136f8ed477e","- de 30ans"
"9e7b90bb48c02ea7aa9d7b44a911fcb96c41d1b1","Marketing","e03a3dd9987176a0ef241fb153d69470be863176","0 - 25","0 - 2","+60","CDD",35,"06de99ca7a2ff3aa18b36d0a73bc0336ad5d9d07",5,0,0,2009.95,2009.95,"2000 - 4000","2000 - 4000","temps plein","H","822edb824c065c1c94abbc3c21a2ff3b654d2d64","822edb824c065c1c94abbc3c21a2ff3b654d2d64","30 - 40"
"937761fbd7af0f1b338a56d226cd5d5b4bbf31ff","Compta Finances","6170f5feefaecf5a2ee3c8eae6fdb194cd892697","26 - 50","3 - 5","45 - 59","CDI",35,"2d815ec16b12863013025db1504cef59fa223360",6,1,0,1998.85,1998.85,"0 - 2000","0 - 2000","temps plein","H","3519273ae27e54949b57a9827ddbfdaeff3d84f1","11a3a08161262ca9472d51a11f37380900149367","40 - 50"
"2907ae1ea8a99f72a6b04db9ac0a0d1b92b5982e","Compta Finances","9380b9a88ecb020c87806e3785bc9d5b5ba627e6","0 - 25","0 - 2","30 - 44","CDD",35,"b58efc75d708e24c322859a6f8a78df1e77671ec",17,1,0,1939.37,1939.37,"0 - 2000","0 - 2000","temps plein","F","0e4c65938fda7efb63e0b12e630aa16c73d037ef","47bcc649218d298c6298ca08ab80b800265aa28c","30 - 40"
"3ed8a4a07b8719b4995d47feec9ca985f3597fac","Consultant","5d9aac232a11b956ec04a3954ee5ee7968d72e36","26 - 50","11 - 15","15 - 29","CDI",35,"8a783ca655090840a1b7b0d9533872727cf721a1",27,0,0,1892,1892,"0 - 2000","0 - 2000","temps plein","H","d344ae602805f786a2319771349af64d899300f3","6e18a7d1f71d1c631c987d6214d0c61bc66cece8","40 - 50"
"b60c90428a198cac75861ef07dce26d4a1a90ce1","Marketing","e450ba4a2f5d42b70a37586cc9e19d2ab3268905","51 - 75","0 - 2","45 - 59","CDI",35,"e936fbd24a56c58b7d21b082336f665ccad51c99",12,1,0,1882.76,1882.7600000000002,"0 - 2000","0 - 2000","temps plein","F","341c9f7bf250b9dd43984aa81f6d0f7a941ee1ca","a2e1e66bbca1647e647065729aa9f95e0afdbef6","30 - 40"
"89e410a27c0c1f23f531fa22c80f66e666da52c0","Consultant","560c868823e4c7b7c470a3675a0a561e5212986e","0 - 25","plus de 20 ans","30 - 44","CDI",28,"75426babcedeb03d093ebe65d0d45f9289d049de",19,0,0,1870.71,2338.3875,"0 - 2000","2000 - 4000","temps partiel","H","c210b9a6f3f59b9bc2a0561876ef7400e67fa7f4","c210b9a6f3f59b9bc2a0561876ef7400e67fa7f4","40 - 50"
"c6cdd4fa88dd70ad49b144a50dcffbfbf866070d","Compta Finances","68e3b119141b51eebe6cb8edd3a84c75d0e1255a","0 - 25","16 - 20","0 - 14","CDI",35,"6146fcad5c97ca9b52d5429e781b4f7e70f9c286",6,0,0,1853.41,1853.41,"0 - 2000","0 - 2000","temps plein","H","762f4c1783367a553b4ac96c0f376460db9b5668","4f47ede6c7af527551481cfaa70dc44f57bdb7c1","30 - 40"
"8eaa886a338014dd11d45390e7cac051800757fd","Compta Finances","819d253a785020ffbf36b12b2492f58ec6cfcfb6","0 - 25","6 - 10","15 - 29","CDI",35,"77ff1b39643fb001cb58ae3713404a43a404f252",8,0,1,1852.42,1852.42,"0 - 2000","0 - 2000","temps plein","H","8c315737325e8892b05d1bf57818c6458548b066","38c487389670efda3ea34882bc37baa2be9a3ec9","Plus de 50ans"
"dccd6c45204146719d7febbbade2d780355dc955","Consultant","e05558bdc2e671f3f1294547fbc14269769c60ba","76 - 100","3 - 5","+60","CDI",35,"3ce05e38dbfa14ba5414200c9de15846d43d0082",8,1,0,1821.11,1821.11,"0 - 2000","0 - 2000","temps plein","H","d6c4060e44908f70eb8d5df2bc3eb83efa65979d","01451bbc71b23c7353e5e2fe05dda6dcc4836ec4","30 - 40"
"a60e8cbfc292f2c552384abafa8338d2b4dd3881","Consultant","c837133e16a4411f5877ebb20423bf33274054a2","26 - 50","3 - 5","30 - 44","CDI",35,"3b2a0e39d85a863585f917bae452c73f902f5bae",16,1,0,1791.9,1791.9,"0 - 2000","0 - 2000","temps plein","F","51db3eacc2a4b5bfdaf2ea8574c33d510365582e","507d24d3812469fe96e024f1e029c0975504ae7b","40 - 50"
"a167559966c51a005f838b08ce238099240a20fe","Compta Finances","0255ee6158a4c50f82c3dae50b58b77528a7e832","26 - 50","16 - 20","15 - 29","CDI",35,"1f9c57b97688c8c114f267b066ee46fa1ef9f73a",20,1,1,1790.93,1790.93,"0 - 2000","0 - 2000","temps plein","H","c40536b1bba9fee352ad786fb2f61fd451d507b2","4752355a25f2d598e108239d00df89bae6550345","Plus de 50ans"
"ed20501999642e5c1115bd9d39e142cd770372e0","Consultant","f08598b5e55003b95d2e06583df4febf6dfcd705","76 - 100","6 - 10","0 - 14","CDI",24,"990f6129fbc8faf38f2066dad0fbbdce8c7eb711",10,1,1,1727.2,2518.8333333333335,"0 - 2000","2000 - 4000","temps partiel","H","5d07f4efff44758b3a54a5332001b246f44ae136","5d07f4efff44758b3a54a5332001b246f44ae136","Plus de 50ans"
"3ce22b3a71e0d6c63daaf6c7d9dbcbdfd1f3e0ca","Consultant","acb608131e6f3ecbfee20fb6d1ec0c88199333a5","76 - 100","3 - 5","15 - 29","CDI",35,"d6d4d0027765fe9eb282c27935567d482c5caeef",39,1,0,1720.42,1720.42,"0 - 2000","0 - 2000","temps plein","F","5378227c01204c41e38e38fdcd2b669dc6a4dc7c","4cf0aaf9569d7b83ccdd5c248cb2c87ccc9aefe5","40 - 50"
"ab6dbb8147d840235f33433a36d559506d869f85","Consultant","c2e00e2309a6673060669f4b73b527d54c11bfe0","76 - 100","plus de 20 ans","45 - 59","CDI",35,"e6dc3a3b16ce0969c16d7dc5bb63aafa6a8a6069",17,1,0,1714.14,1714.14,"0 - 2000","0 - 2000","temps plein","H","5093b810e1fdde05699d4dec5c975fc19d309ef7","d2a9af54be2b35ffdaad30a89c12c7b40a889906","Plus de 50ans"
"7825680cfd2d9f4f63e5319dafe4df1e41d82d1f","Marketing","5aa815fc349ed0179a136f622838bcb1449e2f88","26 - 50","11 - 15","30 - 44","CDI",35,"260df3baabe39fa0b9f6f966da432048fffb3f8e",22,1,0,1686.92,1686.92,"0 - 2000","0 - 2000","temps plein","H","984ee4d50a36a2ae5e5de95bf895c5ade406d59a","984ee4d50a36a2ae5e5de95bf895c5ade406d59a","- de 30ans"
"97d7ba756f5b9571889bdc0b22463530c637bd24","Consultant","554571dc9a41db923cf36817d25edff535cd2537","51 - 75","16 - 20","30 - 44","CDI",35,"0836eba664c6f7e49c89660adc7d900edc0d42a2",18,0,0,1668.7,1668.7,"0 - 2000","0 - 2000","temps plein","H","e380abe8c3fe462b90435513ed7912cec7bd86aa","e380abe8c3fe462b90435513ed7912cec7bd86aa","40 - 50"
"65f8c56f32122a90d5774e5b31dae04eaba20ddf","Marketing","9028ecf30c95be7863922324cf6d219c9bbd1359","26 - 50","11 - 15","30 - 44","CDI",35,"50c5e4b35affb94e2129308da5e1c85e7171604f",18,0,1,1615.17,1615.17,"0 - 2000","0 - 2000","temps plein","F","bf4789f8ed75ab99b950120d84278178f3d13250","d00cb45b3ecfd0b3e55c3247bf1a6205452f003a","30 - 40"
"c4465870d0f1d8fe75a7e0902d14b7a9d81be7ca","Commercial","d05153ea7660ce6bde68240d87cfae8f3041e0bc","51 - 75","11 - 15","30 - 44","CDI",35,"b8f1b34731ab14fb3b4f0659d91420923f2143c9",30,1,1,1607.21,1607.21,"0 - 2000","0 - 2000","temps plein","H","fac9dfab262ba8cb8a851e65de3eccc143dc7ae1","fdd599be27a341092c132b12f1991cef27491dee","40 - 50"
"543cb045ffa6ff5a3f66c80eb6c2431434575bca","Consultant","1e86d291fe493144f8adb47ef3671f4615bb3dd1","26 - 50","6 - 10","15 - 29","CDI",24,"cea2551ddeb8af7d57ff185c67785cc2d3c7d13e",14,1,0,1122.25,1636.6145833333333,"0 - 2000","0 - 2000","temps partiel","H","5f164a972f4c0a71212ece690a35a298d84066b9","5f164a972f4c0a71212ece690a35a298d84066b9","Plus de 50ans"
"9d1aa1d221383c9e689349d33172836747f7d900","Compta Finances","4c25c333b97c98c28a8024b9ee7755f01f31e825","51 - 75","11 - 15","15 - 29","CDI",24,"5261459dd3daef48f4926d3dbf7518ea1e9cbdd5",1,0,1,1070.61,1561.3062499999999,"0 - 2000","0 - 2000","temps partiel","F","cad4a79dd8b0587b9e9429b95cc7c3a62a0bd78c","6bd615911eb548ac3174edcd0690ea4281337f1c","30 - 40"
